"","Kilfrost ABC-S plus Type IV_Group002GMIA0005_2014/20141216","Cryotech Polar Plus Type I_Group002GMIA0006_2014/20141216","Cryotech Polar Guard Advance Type IV_Group002GMIA0007_2014/20141216","Clariant Safewing MP IV Launch_Group002GMIA0008_2014/20141216","Clairent Octaflow EF Type I_Group002GMIA0009_2014/20141216","Clairient Maxflight 04 Type IV_Group002GMIA0010_2014/20141216","Kilfrost DF plus (88) Type I_Group003GMIA0001_2014/20141216","UCAR AD-49 Type IV_Group003GMIA0002_2014/20141216","UCAR PG Type I_Group003GMIA0003_2014/20141216","Cryotech E36 Pavement Pot. Acetate_Group003GMIA0004_2014/20141216","Sodium Formate pavement_Group003GMIA0005_2014/20141216","Clairient Maxflight 04 Type IV-redo_Group003GMIA0006_2014/20141216","Wavelength"
"1",0.104089994553979,0.0117446590968925,1.53774446687384,0.0751079813804535,-0.0326755816939175,0.0263810302558763,0.029628076616582,0.10491283043575,0.00798219253770469,0.00837181411005517,0.0657548485888439,0.040942289878063,800
"2",0.0759960494897645,0.00980827104115942,1.52894426396855,0.0500213532595527,-0.0428751842404746,0.00847466216605361,-0.00114602675641371,0.0988889195989148,-0.00767421746491992,-0.0202196466822741,0.018098490051203,-0.0407211782338478,797
"3",0.0896495134558212,-0.0121746232646616,1.55008790634792,0.0694585273617645,-0.0397349978854161,0.0190382498879798,0.0210984813514859,0.118209611573828,-0.00091323118389051,0.0153281038817906,0.0515084051873887,0.0240365318968258,794
"4",0.0724273910465754,0.00979033110046614,1.54588221508359,0.0509640094193194,-0.043956981538271,0.00432690384517354,0.00390381301334714,0.104076327113378,-0.0189521696220087,-0.00935276473700399,0.0251468121548134,-0.026682599246349,791
"5",0.0988774408918898,-0.0026232146658949,1.57958551746631,0.0732669785743463,-0.0281080341894934,0.0200708278993285,0.0207731085551453,0.105444991469667,-0.00136290147104952,0.00804030455592829,0.0578418643529519,0.0380768128312752,788
"6",0.0738776700714996,-0.0094850774640264,1.54673339352645,0.0346310833322734,-0.0648842729695568,-0.0137381649155643,0.0188452195610593,0.1304792450251,0.00182022930869721,-0.00424908518291267,0.0456637177046944,0.00934276719108592,785
"7",0.081468505195986,0.00421678384800836,1.57469974332538,0.0692974034422309,-0.0183181273652314,0.0349253601605931,0.0153687650705819,0.108768232220173,-0.0118977689849208,-0.00418812447871103,0.0407070170985211,0.00199752485474206,782
"8",0.0799371723972732,-0.00671110980835325,1.59098708314539,0.0464101058236613,-0.0585913734971712,0.0127921821110487,0.0213907552041296,0.120561390846276,0.00141466579417613,-0.0179417318266468,0.0458792723654543,0.0042785509525834,779
"9",0.0647703235687659,-0.0086799026821601,1.59189814462663,0.0480992139126924,-0.0349304098880917,0.000902866126897339,-0.0132351784191957,0.10832016272547,-0.0161129729561038,-0.0183892644132868,0.0324431409537228,-0.0169216679408471,776
"10",0.0920465166663899,0.00854778491123899,1.61189399711471,0.0672117340182634,-0.0434026801316879,0.0240246808099194,0.0229504800649682,0.11884151217387,0.00694701231453946,-0.0140602751946427,0.0516804849863157,0.00785683717463972,773
"11",0.0724992457826137,-0.0183566040167634,1.59817964487836,0.0422287891674241,-0.0411887630967163,0.0101506106547626,-0.0109142155591007,0.110088547088006,-0.0251735071326515,-0.030938958928523,0.0350817611802721,-0.021090353303502,770
"12",0.0783898942749126,0.00311116838199491,1.62276612953098,0.0615721202886913,-0.0487788216724149,0.00675157449311945,0.0111240935490752,0.117462666011909,0.000682326409905747,-0.0141780214621723,0.0418983230190458,-0.0114599182287544,767
"13",0.0810655043683423,-0.00210990138571634,1.62874292151675,0.0441784887669074,-0.0453568415076726,0.0159379977133418,0.00317376646269858,0.123943889174815,-0.00441108825457525,-0.0186188757952577,0.044196762145288,0.00828149970294368,764
"14",0.0887932552494622,-0.0036986854256196,1.63215298042706,0.0576965434980484,-0.0451076262124272,0.00769800596650386,0.00961939992594602,0.12013044846135,0.00172936401173716,-0.0107689464672628,0.043070906475472,-0.00932465633410242,761
"15",0.0835883059245129,0.000346491219793409,1.64909127988015,0.058861180621978,-0.0351063220906261,0.0240880645720153,0.00811837098470125,0.112066506762497,-0.00706719583530079,-0.0181366227201524,0.047898417587433,0.00747122725236126,758
"16",0.0793093561579456,-0.0143334254330976,1.64352823971976,0.0481793160311243,-0.0471017183875108,0.00067866701241799,0.0169743875240192,0.131721717275043,0.00706914563484454,-0.00682201994820778,0.0568505539896224,-0.00510893839498686,755
"17",0.0798441844223693,0.00174674163110801,1.65876965680991,0.0499979373863509,-0.0501675976631589,0.0160422657057869,0.0123022215527754,0.122847415048519,0.00442569859201478,-0.0150732317173781,0.0431666565326855,0.0215383728544522,752
"18",0.0847503177079647,-0.0146607178666219,1.66055165535968,0.0485484254871455,-0.0466683570494777,-0.000232216295830796,0.00721981224793055,0.125955980552272,-0.00513098365933925,-0.0146675904032748,0.0435702349595741,-0.0260044313360656,749
"19",0.0839225689015563,-0.00111249143527589,1.67000575848035,0.0477032871585441,-0.0606885322080279,0.00815878568650373,0.00751852205542065,0.125325234249688,-0.000898952367633121,-0.0176292648151587,0.0418225772183461,0.00234511563904882,746
"20",0.0768649150880937,-0.00685627283430827,1.68141871549513,0.0447669501657425,-0.0522398469191339,0.00543344811489517,0.00813040202666392,0.119211678213659,-0.00870524378807057,-0.0170273210249986,0.0429469880699182,-0.0256282257875604,743
"21",0.0807617707254408,-0.00869966528809873,1.70955050152435,0.0459892533947093,-0.0519484980740472,0.00536242696542596,0.00629679185555368,0.134150656471083,0.00184345323986504,-0.0144981486848939,0.0448893692270638,0.00124446828750865,740
"22",0.0837543451519228,-0.0111325487198604,1.69998522812338,0.0411756880464088,-0.0554663350415775,0.0087459324393573,0.00412350848161575,0.126400556950456,-0.00246575036012957,-0.0188799883363142,0.0453677665603963,-0.00775658228633262,737
"23",0.0905532740673355,0.00268544347077332,1.7081384922083,0.0553957702691998,-0.0704745771944844,0.0255504369221242,0.0126733409311153,0.122920827215375,0.0017577140280509,-0.0126419597499383,0.0439213242916125,-0.0449409350558616,734
"24",0.0567645312355422,-0.0187873067339897,1.70711632327895,0.0413647546554773,-0.0554371703641184,-0.00141418898886719,0.0109033406512248,0.128018288327901,-0.0105306626364653,-0.0169164642945379,0.0346539489012109,0.00111606917860424,731
"25",0.0857188638452295,0.0288661117851322,1.75131568982779,0.0909547786235587,-0.0215156981137205,0.0464271382132285,0.0172614977826858,0.147405911052689,0.012897513729596,-0.00184008347999155,0.0571639422609435,-0.041552298944705,728
"26",0.0803659865710241,-0.0226173253009416,1.71429786805323,0.0210440933251481,-0.0555102177870479,-0.00877008547014927,0.00845092693527939,0.125367356197496,-0.0102565171314557,-0.0212162436758926,0.0230395659845187,0.000509036226289158,725
"27",0.0845197322242169,0.000311605927943461,1.72767885100318,0.0637300123896464,-0.0470881215331059,0.0128423408613556,0.0311139634700081,0.166839482691599,0.0217278057981789,0.0126487679475166,0.0711722359923247,-0.0187468205273144,722
"28",0.0816033253158988,-0.0241468565993597,1.72436955276085,0.0351326747637017,-0.0496926294564089,0.00268394678343019,-0.00527914014916535,0.125014009084174,-0.0125111618961401,-0.0161087607085578,0.0283694040338028,-0.0046716182580939,719
"29",0.0902212293243033,0.000881430536820769,1.74399499247631,0.0615058971726435,-0.0420845979811027,0.0172459091286863,0.0410679798454652,0.173978211476355,0.0197560547881959,0.0159052555116348,0.0750300558148651,0.0471447999277592,716
"30",0.0815452127066558,-0.0469423345315477,1.75134783738206,0.0507793625216627,-0.0569367910082691,0.00437027825244065,0.0119201573383407,0.137366364886561,0.00140748681826099,0.00170579407284866,0.0472746322949528,0.0208425646404142,713
"31",0.0900079754089535,-0.00285685361245016,1.78020980048398,0.0578238766176862,-0.0380465095243117,0.0150942731004224,0.00843010878234506,0.135930184233308,-0.0122000543573099,-0.0165158943927944,0.0385042239853481,-0.0139668379137415,710
"32",0.10046918298983,-0.000983826100501949,1.7959242925139,0.0681476412941028,-0.042750009283669,0.0171254896428389,0.0128683888881911,0.145088790458368,-0.000667362629879734,-0.00350561760999517,0.054449482620321,0.0168757098453912,707
"33",0.085327321365063,-0.015743592866374,1.81858407019308,0.0590958519716531,-0.0374176649692449,0.0167021552328609,0.00681293769804842,0.139143927894918,-0.0221474362748161,-0.0185263095051422,0.0395317949529636,-0.0208191754573576,704
"34",0.0869685887126599,-0.0187438726673529,1.82254333842757,0.0649063390684067,-0.0483610037935991,0.00855628017569146,0.0137280900898476,0.158285181483194,-0.00725320669993151,0.00455025288547544,0.0426582947105475,0.0234656603394816,701
"35",0.0904851451883456,-0.00753183099265551,1.80997947228994,0.0581192995234848,-0.0517694988551609,0.00767877324794311,0.00660850965922998,0.15152401602278,-0.00453222263847049,0.00633496954573691,0.0549025697001129,0.0203634721949106,698
"36",0.099477624008021,-0.00985986862177822,1.83841229043983,0.0652878702551541,-0.0256681301389984,0.0299492892381047,0.00762481704243003,0.154516179865061,-0.0153929288539828,-0.0176859068719331,0.0487828994469939,-0.000283625227673006,695
"37",0.104219758788668,-0.0139441117491829,1.82812324493426,0.0630279599644943,-0.0449798126580633,0.0195853274753682,0.00825427368715716,0.169466250317784,-0.00683761768037165,0.0125305510312781,0.0574055881985636,0.0310076980841468,692
"38",0.101793061239706,-0.00910196680338909,1.85786285841678,0.059717759892941,-0.0266978827368304,0.035891822065653,0.00780424140592784,0.168791442422201,-0.0088908003424049,-0.00763915761007364,0.0532470398907503,0.015490405036721,689
"39",0.114220567688026,-0.00410888372958404,1.86660764264929,0.0716051817486381,-0.0361144508396282,0.0364945936061806,0.00708512565008759,0.176782665916726,-0.0054558009999878,0.0124907931501763,0.0514542035153983,0.0425157837047182,686
"40",0.116358737090403,-0.00645920548566693,1.86094455600212,0.0685654206004139,-0.0348153433237953,0.0361081328245287,0.00799298019587676,0.177180352078889,-0.0157422735564699,0.00268704254753073,0.0553235287453885,0.0367358228240682,683
"41",0.142641605553119,-0.00763054475515959,1.8939332080825,0.0705357407524662,-0.0345450665881693,0.0455812059870874,0.00411073788385722,0.203296880953825,-0.00130966238132201,0.0247540111564088,0.0570231350797105,0.0388698652659018,680
"42",0.138717860038458,-0.0129595579524896,1.89550929890635,0.0762289029412476,-0.0337848992989952,0.0528954408966929,-0.00270296920484697,0.20611391266561,-0.0145035459298069,0.0184204850511047,0.0583417101954935,0.059388314197659,677
"43",0.161480915425597,-0.00121487478946303,1.91862692584643,0.0679880706557606,-0.0421945390701444,0.0548242482361258,0.0186443217219484,0.24133800513013,-0.000490923605692644,0.0476950761407522,0.0569808743954134,0.0808602702997994,674
"44",0.182105196152437,-0.00635009861346994,1.93061055138164,0.0878879772988561,-0.0314852913800959,0.0725514682596039,0.00818356501817742,0.251111659663736,-0.00733871043029055,0.0534332656043078,0.0652510603274501,0.101465523650281,671
"45",0.209937159167671,-0.00857405205284858,1.94383658354081,0.0738447090634546,-0.0526398835481624,0.0618519417623658,0.0043518198107595,0.276173938392986,-0.0122879719986769,0.0654425834374336,0.0442894309349121,0.0855012355192438,668
"46",0.245145341628057,-0.00910609405704058,1.96736283433044,0.0985739565090819,-0.0335963053081152,0.0865735024971156,0.0063454133765913,0.326242977243898,-0.0059893925681172,0.0937195960266715,0.0623658652098584,0.129003758857539,665
"47",0.277670358337932,-0.0181388344437831,1.99904289187701,0.0917604639775014,-0.0428563057203929,0.0851062507325602,0.00204918786928088,0.360019276940904,-0.0140577824150869,0.126133639493649,0.0513045966610737,0.119980404383722,662
"48",0.341358776416633,0.00360689810498029,2.03406569870986,0.117061253510742,-0.0299582493251002,0.101338767907525,0.0154551482788568,0.434055890078789,0.00178645348427055,0.173561465808394,0.0703841791693088,0.160695713285873,659
"49",0.374370675341253,-0.00968440258442003,2.05934674582728,0.12551665908643,-0.043942328364807,0.102535149032565,-0.00558610590349635,0.486914975554852,-0.0184793101003678,0.219226158473471,0.0496049791058431,0.131449842267438,656
"50",0.428150635377937,-0.00573927631104537,2.10146902363728,0.136995203966251,-0.0428337210210564,0.107917607037381,0.0119937047628843,0.584848819658567,-0.00231481369032501,0.284486240965798,0.0661517212834946,0.173035930935686,653
"51",0.486366210247978,-0.00235019004801097,2.16443993464401,0.177426821398015,-0.0315480738984381,0.124412138511834,-3.14747735090667e-05,0.684194093078776,-0.0107069902745885,0.354494745854779,0.0492303642508743,0.154316162031482,650
"52",0.524215427795773,-0.00820051391807839,2.20317676471262,0.183909670434083,-0.0435339619898539,0.112292242474323,0.0140519178728519,0.80695096415675,-0.0124096102049266,0.437593845942312,0.0653594379024832,0.184006586616562,647
"53",0.562662277080735,-0.0104302578415835,2.27021337115119,0.219193940147012,-0.0362676158693544,0.117376785032117,0.00403699106096171,0.935940093803534,-0.00350540323781455,0.532642922301265,0.0564361109625322,0.173044494082886,644
"54",0.587501013680734,-0.00829241962083309,2.31956848672335,0.239530356129898,-0.0393466594581488,0.117756062522426,0.0140395613749039,1.06744783119602,-0.00892148190314315,0.62191350154756,0.0693905157372256,0.19989462738078,641
"55",0.600158910647382,-0.0107790417166286,2.37836220855583,0.263352249266916,-0.0413419534226496,0.123205755878287,0.0134599654217025,1.19265181207575,-0.0080090879677948,0.709717380051833,0.0569720734497533,0.178630267819652,638
"56",0.589861052710708,-0.00704462045822613,2.41812598905601,0.28590622304017,-0.0385571734149665,0.123678554578857,0.00503224190990342,1.28523184168242,-0.0119740079887658,0.781246040640408,0.0643497981248774,0.187057175301742,635
"57",0.571323690946688,-0.0139760145109414,2.44673931350307,0.295927076460319,-0.0346933694242481,0.111456676885153,0.0121540471112934,1.3559034132877,-0.0107031758629641,0.831134834714736,0.058670283902317,0.181149988810258,632
"58",0.558500597723748,-0.000162497042746474,2.47843447802641,0.306953419788451,-0.0367647355724304,0.117735800785623,0.00102044054522334,1.37567852196629,-0.00742376016486306,0.845836589517232,0.0648886127099122,0.159905124999094,629
"59",0.515498763867863,-0.0157278199096235,2.47966681477127,0.297091636549507,-0.0423383158080419,0.121777279152242,0.0118716531966161,1.38110875302747,-0.00732210854976271,0.841186533081669,0.062668962380102,0.17358981294437,626
"60",0.487094619553712,-0.0121002152467857,2.48200853225501,0.296114781922342,-0.0405238101924188,0.11351891525971,-0.00135782284760951,1.33148534406263,-0.0174710452375288,0.810167637585242,0.0589705542841199,0.15699985101817,623
"61",0.454552829823004,-0.00328027301936548,2.46936232912465,0.28437602797426,-0.0299709379226521,0.127755187818491,0.00849908972477704,1.27361819696636,-0.00499563387820723,0.765231616183803,0.0634762016638188,0.174074480408217,620
"62",0.416282787295186,-0.0140124750077748,2.44969308335879,0.268593826421258,-0.0416850271189785,0.111054647105559,-0.00122403514074438,1.19597780152239,-0.0121360024373236,0.707872724084664,0.0647970755912342,0.171364648682666,617
"63",0.389462841298242,-0.00379730738813116,2.43388533036079,0.251403128390043,-0.0316563918572759,0.130560114063938,0.00813277093703919,1.10285210554367,-0.00850433008489773,0.641656198496259,0.0629249457832067,0.175036293930584,614
"64",0.364276956489183,-0.0107446235785393,2.40730189690796,0.235545594240665,-0.0367217872578232,0.122887716443485,0.00341830441862361,1.01196343534034,-0.0166740410844666,0.577107875877155,0.0643153296780656,0.16318484573329,611
"65",0.341567121617637,-0.0122680652175405,2.38784188264532,0.209671695295437,-0.0371875053266838,0.128631116223375,0.00599973604111441,0.928616343182696,-0.00887789879932674,0.512674368158686,0.0647624527379855,0.17762883380126,608
"66",0.325544408330995,-0.00567605435865112,2.37362142121941,0.206253216176922,-0.0350319642817533,0.12957595305605,0.00374745369312926,0.852772879094682,-0.0166556409152533,0.456736549422061,0.060838213516367,0.168007213655787,605
"67",0.311074715857266,-0.0157185996473621,2.35975063016527,0.186380890642288,-0.0376774574301121,0.126716940065471,-0.000351543349684567,0.795439400581186,-0.0142542289657946,0.409192281911119,0.0731343007483404,0.173238201558232,602
"68",0.311470282118962,-0.00787291685421729,2.35298815925681,0.177091000721109,-0.0354140186933715,0.12850601275559,0.0109127699697911,0.748866108720343,-0.0118987916036697,0.379725980103032,0.0732352759868338,0.183855758678076,599
"69",0.293440028803839,-0.0140983940774739,2.36209355649345,0.172372002132699,-0.036687322829295,0.120316489703216,0.002118696935961,0.702860193413743,-0.0129187779388887,0.342474797506277,0.0715599079647007,0.172943089870104,596
"70",0.29290688838118,-0.00316666402912026,2.36122067369914,0.17085364315196,-0.0298006859281606,0.128671579619698,0.0114692718404293,0.679033628560212,-0.00904047067203762,0.325502336981068,0.0748090388537839,0.182819379393908,593
"71",0.286451029325037,-0.00272294298511627,2.35339458439059,0.16877246349184,-0.0289749095807954,0.126862404003433,0.00697950235020159,0.645585419978936,-0.0105068976135504,0.296171417486057,0.0727177253856196,0.167032937680432,590
"72",0.27137953440737,-0.0145460530934556,2.35585916818884,0.151698513203765,-0.0342426407400687,0.114258715841062,0.0111953234298828,0.632746464022173,-0.00705947398443335,0.285647496468275,0.0782031218727015,0.177863542717355,587
"73",0.265606065746658,-0.00676240657423391,2.36169380757527,0.155547407461993,-0.0286441984672443,0.116933691965036,0.00843660564539598,0.599863097609481,-0.0108591149285752,0.263299540295285,0.0748300210339304,0.152387295510314,584
"74",0.249141742004878,-0.00955073395256178,2.36005365286659,0.148128980513171,-0.0307120613194524,0.108074828984902,0.0131141202806615,0.589078697130397,-0.00900619312559243,0.254501309937348,0.0750406976640987,0.151741868886227,581
"75",0.239042829188687,-0.00764237478964262,2.37018106442331,0.147150559097044,-0.0255902307442886,0.106181539447276,0.0135461061816419,0.561736353949913,-0.00940205643094464,0.229291391795079,0.0780529232890246,0.143988412251347,578
"76",0.233956628086091,-0.00941322829440287,2.36466646968172,0.135384136869327,-0.0135495304678019,0.119869394119305,0.0295059618584437,0.561899645481042,0.0064267622017354,0.2327518391263,0.0724609455494788,0.155696482053476,575
"77",0.214512704448213,-0.0226934900273445,2.39208661749585,0.165672871081456,0.00119474468026816,0.102356432575644,0.0171856025473054,0.507857276803549,-0.0538763438900365,0.18020557024279,0.0771824796720147,0.0761368235493406,572
"78",0.216770490114314,-0.00308668360677271,2.36071824641729,0.115793949761636,-0.00325644104387212,0.100192199691843,0.0342027078417779,0.520301358426452,0.0321735004853396,0.219459238447299,0.0983549716343484,0.195942522190363,569
"79",0.178992909398046,-0.0110135812393834,2.36644001171487,0.11330954778875,-0.0124637102309766,0.042378838971973,0.020073874114103,0.47197849649495,-0.014913788860909,0.148606994399844,0.0820304998780821,0.123995062694076,566
"80",0.18597823401461,0.00129095537257559,2.38438439766615,0.119396540752985,0.00416422590844003,0.0932016540333369,0.0795719306782748,0.457226203579764,0.0210197553756765,0.158240826085901,0.0934269892648419,0.143803533231895,563
"81",0.176075396187656,0.00328113774925783,2.37075383021377,0.111456793267757,-0.00492147061132025,0.086905762684147,0.0595614882426886,0.430540740407325,-0.00563922827074702,0.116168538840816,0.085986370588753,0.127248166132304,560
"82",0.161048923715728,0.0120861185994745,2.40309328903961,0.123407924641117,0.0332677886879368,0.0667871667717793,0.128647564920837,0.408582134731856,0.0198747643868571,0.120098196943162,0.0870519592326799,0.114671578542439,557
"83",0.16794158110715,0.028530090521535,2.38818822489407,0.114948907222969,0.055413584229356,0.0895658188534618,0.141930866577736,0.412265696511632,0.0189611130544585,0.0912390148965673,0.0924593813712621,0.12626505748109,554
"84",0.176637548412524,0.043997848186322,2.41097027718923,0.126464926435595,0.0585021612792542,0.0520647350082817,0.224761482984523,0.376320396557445,0.0275688961187024,0.0856227173065662,0.0854959856865622,0.0912584406982396,551
"85",0.158918010213488,0.0428934808913637,2.39498271120267,0.0997800263092509,0.0903944902382406,0.0739389399600847,0.321516764709293,0.394457092624127,0.00909264034166749,0.0560410411069708,0.0908566150295609,0.0876574046872596,548
"86",0.157739949891842,0.079384752011464,2.42028693101158,0.110903520673982,0.113533942100613,0.0539045280334873,0.431682420344928,0.345482686006907,0.0584072909889184,0.0643144970818909,0.0827023092677552,0.0967588788915348,545
"87",0.149916401117469,0.104571541581727,2.43054501478846,0.103295230655083,0.147358772290686,0.0625518899007123,0.633507076637117,0.376896968401317,0.0878500248577669,0.0233428912094072,0.0941248637870889,0.0858430644506268,542
"88",0.149552431477504,0.141297192317776,2.43426468420972,0.101819157944961,0.139858492802137,0.0550575630094109,0.850009004916898,0.331829442871206,0.101464901091102,0.0401378344438928,0.0826685222268634,0.0653981670286118,539
"89",0.124970640902002,0.234146960609893,2.44866859359627,0.099498576346188,0.148542871711443,0.0410823011232477,1.25473566473095,0.379830663911135,0.166915682894509,0.021184183803207,0.102912858081508,0.0964245789040638,536
"90",0.141114931955881,0.33434958117755,2.46249579682439,0.103716304134672,0.198236448696575,0.0621729713843734,1.68782706494909,0.35462533515586,0.197063503276435,0.0299551126290271,0.0797215171564416,0.0679839663127976,533
"91",0.125599549641755,0.45293039284779,2.46682596078498,0.0941616370574473,0.199784231106608,0.0344389593284248,2.34935660677896,0.355833723056587,0.274850058865445,0.00441347526467263,0.0829676368988528,0.074534972549572,530
"92",0.140078295056172,0.618659773686116,2.47831212418465,0.105847976242153,0.213148530863928,0.0463907977808573,3.09730600387891,0.357653466106193,0.334762650631425,0.0213069341201178,0.0839346161337249,0.0690592313688578,527
"93",0.135571562620803,0.786756336715865,2.49041973598872,0.109080776902949,0.22479936175137,0.0527340435361523,3.98971913339584,0.381363059017666,0.431147748155567,0.0287707461455569,0.122714475816908,0.117510866174057,524
"94",0.132149848256534,0.960207964547976,2.49830932497,0.10356980342346,0.224044722901362,0.0356361865139569,4.87923790370786,0.361624360030414,0.483414094295601,0.0117676910206808,0.0931027815367126,0.0687902862946912,521
"95",0.133374562414715,1.16420383147644,2.51230719397257,0.117745434419986,0.206485883179436,0.0488255867688923,5.84608653583727,0.350628038820679,0.56229084006379,0.011479834858209,0.107252857371133,0.11032143675991,518
"96",0.125448310354574,1.32275086542745,2.52242416458455,0.0872212511915617,0.219317886671118,0.0336525798206762,6.69351545510113,0.371402529073664,0.619309451577481,0.0115897240971011,0.0964597893209861,0.0647751006611686,515
"97",0.155916008276207,1.49295275420994,2.52955162320827,0.125831906439429,0.25043741950633,0.0611533311002428,7.43683076560425,0.370152653265831,0.662538936242419,-0.00582341758333848,0.09655083640334,0.0753509424260848,512
"98",0.12402199863168,1.58383156103374,2.55273029052192,0.107018229070576,0.229798619320521,0.049114662074862,8.03131504312579,0.377382326932502,0.709653142169164,0.007948828518247,0.102700938345876,0.0935177464704292,509
"99",0.148084723156658,1.68839233411249,2.54941927672508,0.111090306123341,0.229521201231705,0.0524399704596571,8.48444822589682,0.394039749045313,0.748338673431511,-0.00509475986068906,0.0951009828160293,0.0644702651863376,506
"100",0.137685900304582,1.75022841754459,2.59306879200473,0.117395224248058,0.230605499842693,0.0541121096090725,8.78157111898565,0.408976067584345,0.77117543310817,0.00207490345554112,0.102228471464614,0.099098517990796,503
"101",0.159714050064722,1.78637258937615,2.61252536342477,0.116235974293487,0.227161111498196,0.0547788291020146,8.99940017673412,0.433585673939144,0.786987511496343,-0.0106535982910338,0.0891953471055553,0.0814473496491084,500
"102",0.179410351312986,1.82285133905656,2.62210836527616,0.139497657217003,0.217898324892009,0.067788784721106,9.15697900465158,0.466219125242811,0.803419497341611,-0.00155691320232624,0.104516424348274,0.111036081312359,497
"103",0.172135679033016,1.85347927519751,2.65810031637293,0.13862741340305,0.219915419164809,0.067813313588686,9.28577520296767,0.497471357076591,0.813664776039672,-0.0151097855193305,0.0862305224638389,0.0922740397146068,494
"104",0.224016788194151,1.88450686539229,2.7077455478216,0.171325585347242,0.21916804413423,0.0811048956784584,9.39973823715673,0.552814006257727,0.823935077851148,-0.00454475063227323,0.107607457784902,0.112193590617466,491
"105",0.227944862952755,1.89967081922369,2.73751518705897,0.170415423532285,0.208281113731076,0.0768278153801714,9.52528619916888,0.60612133952702,0.8271941982031,-0.00798020949161589,0.0888275718359357,0.118293281247212,488
"106",0.263625663526174,1.91594090910232,2.78384032695112,0.192027591292552,0.191885195635862,0.0838728819439877,9.61641514195245,0.69552308125656,0.837405585403592,-0.0028861871713745,0.111655682321914,0.125939486839372,485
"107",0.314339839346995,1.92127016231576,2.83368011686221,0.207380793222536,0.19212594632239,0.0907682974118633,9.65132861325416,0.758463582886039,0.827130215961709,-0.00733230780540885,0.102631574502006,0.135312560867064,482
"108",0.342322855164478,1.91465967833685,2.87282799401562,0.23185819711165,0.164382825996566,0.0925862995541757,9.61454537430579,0.847524664132311,0.827371309581714,0.00237858380468653,0.120858143400942,0.157088076132101,479
"109",0.387291559939216,1.88930051755601,2.93082385874869,0.252156469148974,0.174347401997147,0.105463016228382,9.44949834409129,0.924481815280408,0.800115261516593,-0.00931576491008929,0.100256221639009,0.156116709771788,476
"110",0.414534444451615,1.83441845824473,2.96836318773227,0.270214493980062,0.151257971432256,0.107648582327087,9.20393274208139,1.00259117458355,0.779177003875882,-0.00463820517504467,0.120432597536022,0.177718015130435,473
"111",0.453193884137813,1.77558889434328,3.01131068916941,0.291017240706162,0.153172071650592,0.115080882370529,8.88301114458584,1.0715223136229,0.741389552183487,-0.0058073315519725,0.111528726783707,0.183977102308276,470
"112",0.483801304912106,1.69781785543893,3.05572660666833,0.311233989855489,0.143242720024707,0.120349884956834,8.51909666985955,1.14007042130671,0.722190369067278,-0.00377199721214334,0.120341543664512,0.187541400859132,467
"113",0.51391102425357,1.6239688296101,3.09665112801123,0.327187839080155,0.135039224162573,0.136217962888859,8.15121238966101,1.20956765875746,0.685025107662364,-0.00519018004454986,0.110636413483722,0.184559182171461,464
"114",0.553040363990443,1.54638977600407,3.14544646018102,0.34948168513886,0.130244377868728,0.139182261575326,7.73545315774239,1.27960895889058,0.652468775306445,-0.0088954184592642,0.120270534641499,0.192975142228724,461
"115",0.581451403345731,1.46481575643243,3.188909127229,0.371384596746881,0.127733716679989,0.147233292771157,7.34408067790392,1.35474507114157,0.613407411240799,-0.0058526100212855,0.107907588030826,0.193992530539239,458
"116",0.616915928682441,1.39954738029604,3.24062675000623,0.397684890764859,0.130277407003958,0.155570211961545,6.95101376300486,1.42736517096233,0.586341109708016,-0.00740281268759013,0.121499645431505,0.193383779858559,455
"117",0.655006781705406,1.31913947638403,3.28907144052983,0.416355497587156,0.121935062400617,0.160726687413224,6.57074631758377,1.50193051693104,0.547722402215408,-0.0054071693689771,0.118055380920848,0.213936127357872,452
"118",0.674999613144686,1.23827073933897,3.32172276523643,0.416368889325961,0.117045645618117,0.15810783565747,6.21546219842775,1.56223506454965,0.523751109334813,-0.0105121573134987,0.12223668045758,0.194432118798224,449
"119",0.713219994460448,1.17386489434858,3.38910963764437,0.44742900228927,0.111672606178967,0.167313394306323,5.86266922316861,1.63157221976647,0.488441262960563,-0.00125419932874316,0.128449924877072,0.235616213837748,446
"120",0.726135122851844,1.08961665118461,3.42540490261421,0.444628907648445,0.103180809222888,0.145150633757735,5.4849179761562,1.6721568361641,0.464681552241011,-0.0110941717179309,0.127247160323579,0.224156027093218,443
"121",0.763159058824212,1.04207162954967,3.48038271200126,0.479573952038102,0.113931484350299,0.181313453500692,5.18034449404793,1.73975308060059,0.444895138914628,0.0178727061048362,0.149631477979327,0.286697283830834,440
"122",0.7662727578579,0.962838509740212,3.48231936763081,0.475267056550932,0.105120388542087,0.157350198182981,4.86399135086829,1.75298427136598,0.420225533657334,-0.00624455235797227,0.130779896223344,0.24204513272923,437
"123",0.782979429466374,0.927444600071105,3.511834451295,0.469390839638138,0.105296718077762,0.182841781794462,4.63790692490351,1.8018820389582,0.41571743320081,0.013867603056127,0.138996061988454,0.28394613385228,434
"124",0.792968850486309,0.885981945800992,3.51055468443578,0.497905796790486,0.107232853818122,0.192091589004762,4.43157616160066,1.81917063668439,0.396543825249831,0.00299730154331922,0.136998287836796,0.259214549304096,431
"125",0.801838059166794,0.853289951765721,3.53691772069071,0.493980739182035,0.0982784112339266,0.174008639460447,4.2904961473766,1.85386106827303,0.38177737962907,0.0200966692568839,0.134119693185019,0.272301605907488,428
"126",0.812889622039188,0.838269351906342,3.5606045185881,0.519854745573019,0.111070353746033,0.191443096452985,4.16704743053109,1.87618919555968,0.377474511861049,0.0184264283729244,0.130070509055888,0.27500738703533,425
"127",0.803059648936257,0.810063995230084,3.57339682527805,0.533715580951188,0.106803191661777,0.182781350432974,4.10477524451062,1.90365673054766,0.366619648555209,0.0355664818318476,0.133037063280953,0.270750172996406,422
"128",0.828888264684091,0.809751499455422,3.60858853843413,0.544115978492845,0.114585541063981,0.195085811183759,4.04985348385627,1.93849837528739,0.367028901225407,0.0544002504449916,0.144615533964121,0.290379415568986,419
"129",0.801536010299202,0.799767251193122,3.64242350995268,0.545531672502081,0.112686171592087,0.206001033115975,3.97599390911114,1.92448500728384,0.353468983678091,0.0548049040100568,0.12211429086765,0.236703356831702,416
"130",0.829516130341603,0.772376543346663,3.6613340228866,0.561000765465887,0.116391236313382,0.203233574499346,3.94968304978151,1.97686619266423,0.358300583467883,0.0782671816999187,0.149736233043446,0.2942556211665,413
"131",0.805117703566753,0.777767526025874,3.68989653105759,0.559796754679769,0.113735797558662,0.207400036874932,3.86747845191089,1.97185418175164,0.34653758376921,0.0809533907395398,0.124018365540396,0.271393898304278,410
"132",0.798418232104801,0.744837505719819,3.66824413707369,0.565142743150076,0.103722887461972,0.173960979518489,3.82645357360473,1.97779607860929,0.340799076936068,0.0853366351805877,0.152868307478043,0.287436334949588,407
"133",0.789166744406722,0.747669621481946,3.69053458077319,0.566592397642483,0.100622116043162,0.196924038398541,3.73460707162015,1.94758574353494,0.330074167060996,0.079011970477399,0.125551685260512,0.239164881976442,404
"134",0.743326471991164,0.718952896131684,3.6904659423986,0.563445143813365,0.101451909836178,0.192567681061645,3.67069323112552,1.9373535615529,0.318657512151144,0.0711681453580425,0.15544129942426,0.259509664986352,401
"135",0.744691705815061,0.712229795763245,3.6691121136905,0.564717355915526,0.111288421475493,0.170166772435498,3.56277182035514,1.89671414677874,0.311507521749594,0.0647638014582008,0.144265026390664,0.270398068653382,398
"136",0.700177174367676,0.691876297341312,3.6805516788215,0.561049187536175,0.102126408128231,0.187623108169816,3.48472764642386,1.87792205244312,0.290603802337679,0.052952055289868,0.15759925410732,0.24115306569379,395
"137",0.706955451666222,0.676026398318818,3.68427088482941,0.560103207070078,0.120691197946298,0.171175050649076,3.38301843450001,1.8661295123457,0.282094379017075,0.0542253059709304,0.157353095737699,0.239614496926038,392
"138",0.679249772573484,0.645421126326436,3.67626129825942,0.572217896380912,0.107711836555552,0.181745369368015,3.2357528500706,1.83574562243386,0.262663357909932,0.0454660141469488,0.161458656829362,0.224879790589718,389
"139",0.63944575217116,0.613569468251373,3.66869292273447,0.565624566492329,0.1035913923017,0.157924917632649,3.10937117477791,1.82783115530551,0.252631011277669,0.0493137821696592,0.161521927219044,0.226368697189468,386
"140",0.628766199310475,0.589768967305673,3.67123678334723,0.586220324632959,0.111457570991792,0.170205588615562,2.91921554522882,1.79592103616311,0.227335622815752,0.0380017715159018,0.164715962536604,0.215037782939904,383
"141",0.581905434127604,0.542151105849031,3.66245124163311,0.5837243531727,0.0953679973346083,0.146473920938866,2.77237355906343,1.76600436616502,0.214802759808241,0.0386463514011216,0.153561528584395,0.207369536171998,380
"142",0.578076767080309,0.518815436304196,3.66646028398888,0.606666640400273,0.11381597003915,0.158454468189601,2.57542606665797,1.75414223323739,0.194219140409286,0.0272582292620288,0.166933944365171,0.189214295621773,377
"143",0.558080627384021,0.476914751880692,3.66080248578943,0.619213889710736,0.107312086310549,0.132078881026648,2.43281896874414,1.75588827863302,0.195948189763214,0.0507553921405217,0.19055005908388,0.229185455914472,374
"144",0.533077882951978,0.448316803168835,3.6651915260086,0.631194794326625,0.108618185568467,0.152096368403872,2.18936704401243,1.71454574719371,0.164806889744207,0.0154992956506417,0.168933338398736,0.159084999666785,371
"145",0.506075298741509,0.384103402320415,3.66475840421167,0.657899737304006,0.120921586055363,0.141993966775362,2.0506593185862,1.71101131560419,0.139105318483429,0.0238610127426479,0.174118652453069,0.173674838108599,368
"146",0.457827365702553,0.377563795993701,3.65934294119277,0.670116471649404,0.0980938774961884,0.125862598616741,1.86296375160917,1.69047833118764,0.127532544853524,0.0124512482430241,0.173976856192221,0.137215629536439,365
"147",0.473714273700987,0.35446533488345,3.67301954115452,0.708611515039053,0.14489264881824,0.162055141234423,1.71964964961622,1.70945182429823,0.118559971678343,0.0316125269302423,0.190823557362792,0.193106773693248,362
"148",0.420921925292996,0.296875599426931,3.66406571132082,0.693178721792178,0.110915650452325,0.133854305777604,1.52075075877182,1.67751623261357,0.112902093898612,0.0135866305811871,0.180998030103571,0.127966139750935,359
"149",0.447081696920152,0.305205686243014,3.70437059905402,0.770489222228591,0.173567699695642,0.162583358812347,1.43426559357489,1.6931827541355,0.0997790991800762,0.032887444491305,0.203363838068985,0.191284686277377,356
"150",0.399881319122919,0.257682082222545,3.68978206756851,0.763518945413165,0.162421218322128,0.14294305720139,1.27225224322062,1.65198075283539,0.0915615296864555,0.00815664060846502,0.185578175115575,0.10109436341117,353
"151",0.38660722292686,0.240225111613642,3.69403156500531,0.807121253660002,0.160025571160958,0.142989414504442,1.21622485452586,1.66201803137136,0.0930075579050288,0.012093612283583,0.192019470828587,0.161857726558305,350
"152",0.364147432238031,0.235438315726896,3.72001735814448,0.847947472158879,0.169256509877279,0.149019799754112,1.16370694971723,1.64929243732902,0.0669166166841142,0.0096788357433925,0.191050620098019,0.151758159529221,347
"153",0.36639692313774,0.221053319031669,3.72474774698997,0.898400815874961,0.169987550600938,0.151022876113135,1.16506798992195,1.63595094937962,0.0894184883199665,0.00268215314154026,0.181989190904132,0.167380980744906,344
"154",0.356642843346106,0.257175717705748,3.75414022701495,0.958978576855641,0.17719291480334,0.160683548021609,1.20668608309577,1.64291749960852,0.0872394018468098,0.0103285911188919,0.196448225244614,0.184493057609839,341
"155",0.356967457919838,0.275572114378378,3.76692913772575,1.01500830700073,0.169724633616917,0.176198073042069,1.35814438831058,1.62160724849356,0.0922315370175466,0.013442884908508,0.190119997595135,0.167496705397024,338
"156",0.374420517512895,0.349440918328352,3.81404617301769,1.11770179037253,0.205603888734901,0.212805461128052,1.57671705845636,1.64347441841623,0.104913059836784,0.00998794000839788,0.190899550217676,0.195409064079689,335
"157",0.356525013961015,0.395567930240081,3.80254134444144,1.23515507672105,0.18962862892738,0.208426163754654,1.91350725613669,1.61886764398302,0.110450280181017,0.0189688869018861,0.202875644998754,0.203206924204798,332
"158",0.354323995829465,0.488665008708862,3.85065144860829,1.42146577598148,0.181323604717944,0.224274967739524,2.34397011232728,1.65520422892167,0.139937150826725,0.0236778602102951,0.186014542885781,0.245241420510662,329
"159",0.345268631052001,0.604049486112699,3.8827551526083,1.65870751345484,0.189064995243262,0.248813960412333,2.90043304729529,1.67629417291606,0.14704481600168,0.040074278269081,0.200779589545029,0.25345208625392,326
"160",0.368421288311001,0.728536023731568,3.92307480195942,2.0055682981621,0.191102868573296,0.280700910562585,3.52478313818579,1.70764013434617,0.188582310655333,0.0560576262069677,0.195214764092225,0.296591460547076,323
"161",0.402183357107525,0.876507825381211,3.96582246166254,2.44227484945725,0.22033517262424,0.349888578620099,4.09698587623085,1.75307666119732,0.217083201899454,0.0807850410802668,0.207406496341355,0.364291721018276,320
"162",0.395435302879018,0.934922760620368,3.99824585770747,2.95878599048669,0.205219771672529,0.425004061297457,4.4871220969099,1.80512191245068,0.268466168995585,0.096196705877856,0.210290542695485,0.523369190142346,317
"163",0.394892284101793,0.999062728862006,4.06344172228184,3.45636627046619,0.226309387537326,0.653988413405875,4.69174095872884,1.85411032824547,0.279571923227534,0.123943051870115,0.211095105302084,0.850995074464644,314
"164",0.415130268010436,1.00614334190477,4.10012572891364,3.82517513812169,0.225158062736996,1.17634230555875,4.69822543437454,1.92497570519555,0.30537202893161,0.159338873767346,0.21101213943675,1.69966262289637,311
"165",0.41662081042276,0.987467998432388,4.11749084013348,4.01870487127572,0.222239359642744,2.34112169820129,4.61968354921268,1.97557753526756,0.28919871400058,0.244873585293482,0.21038885954895,3.58464202938994,308
"166",0.414448937433411,0.978369144379706,4.19516466480182,4.12700573812837,0.226795846508534,4.56748370621339,4.47579816793441,2.06379261632879,0.299053175693656,0.418652181139645,0.219383832775677,7.23233276822374,305
"167",0.442080017117929,0.943886274718621,4.22405846183496,4.1890350798093,0.231561890210139,8.24405883674271,4.27152326850198,2.12472453554366,0.271466757030608,0.744821021656623,0.213218936526101,13.1394505088836,302
"168",0.475031496236701,0.916530234516872,4.30993078362761,4.27870563667964,0.259913781971871,13.8338658959213,4.01957571023036,2.24636711810344,0.281756892772608,1.38284160489065,0.231113107632462,22.0485628010316,299
"169",0.497109656522291,0.878916663464428,4.34559906120233,4.36857501268213,0.25464118010965,21.4066525116793,3.73097080161077,2.34424631447144,0.229011061873787,2.3057753687897,0.206615045476629,33.9732996352832,296
"170",0.562621583985322,0.865813521613565,4.45117936465633,4.530718862009,0.294265387777974,31.1204157354398,3.49470923953065,2.50589183949154,0.220043335999004,3.53632355750254,0.224673286583649,49.2241706507338,293
"171",0.59329678164621,0.851701682519268,4.51878989690038,4.72192750930899,0.289537615793835,42.2243583607251,3.33540330301953,2.67636011465834,0.182153835080197,4.92149543732443,0.213573843897028,66.6260581925846,290
"172",0.656887084339269,0.842910870189629,4.64590953139304,4.92891470209425,0.301089956244926,53.9938885464105,3.2850946944086,2.9714972889246,0.170271874550223,6.34788180153516,0.228385966736565,84.936094985451,287
"173",0.804133571129328,0.905497054835178,4.89991442416856,5.15249210977184,0.324900393636295,64.6750444005195,3.2986054697486,3.47447776308015,0.156632688013648,7.58090707925847,0.22010094641728,101.51490345254,284
"174",1.01372056296772,0.91669270801872,5.33950422213451,5.27688033501825,0.353930545440552,71.9033815932251,3.37986005014658,4.48124300441909,0.162718666888989,8.42852098549228,0.226994380057544,112.562578335491,281
"175",1.37495596211904,1.03819328740637,5.99955184666936,5.39979418771091,0.400164554935401,75.9770323154782,3.57161115447119,5.76891502054346,0.173455572711971,8.88344696469293,0.221467786334129,118.739189772535,278
"176",1.56783492034744,1.0685558373135,6.48434161079805,5.37186393019928,0.432330104612185,77.7338765949774,3.87956672035616,6.909447058878,0.211899652812496,9.07687746688404,0.236582685344993,121.52691741941,275
"177",1.84601812992748,1.19350139850976,6.91744671914166,5.38755388896041,0.474895786148131,78.2830653039004,4.27665973257926,7.76739696389181,0.263973373254909,8.97690646811972,0.223086900219213,122.48245458414,272
"178",1.99164088763263,1.28571862302623,7.24731083135875,5.29193099993404,0.58208883641422,78.6671261112485,4.75726660280783,8.56252475678109,0.300443818094828,8.79840373429845,0.23020567662018,123.523192726909,269
"179",2.08578039546214,1.39377586139796,7.45241646769779,5.32499661404642,0.667375140990565,79.0891435623886,5.36880097484078,9.03876739616489,0.382231366025693,8.42993835555902,0.214541629338438,124.748328725589,266
"180",2.15772624696501,1.50375931511096,7.5773446167157,5.3300652068593,0.832847323905936,78.0197804992645,5.90230283199296,9.34796757161795,0.414353098184764,7.93476884799931,0.222904106668897,123.647744846975,263
"181",2.22748198977371,1.56185169802202,7.73052689519758,5.3978818952504,1.02691285424781,75.1558633700584,6.19670664280099,9.73397023018079,0.444799743853425,7.31177418161741,0.222419905886335,119.591125845851,260
"182",2.31939155086669,1.61333395389829,7.94067122878825,5.55775908112878,1.32554910569458,70.6979996090781,6.4172029986155,10.2614511803347,0.470624820338919,6.57998999542679,0.212205145555942,112.901378974049,257
"183",2.47094190447176,1.70899205208499,8.28974833582279,5.77227259841018,1.74867663875105,64.7094554965257,6.7663972149861,11.0646132408579,0.531221297905477,5.79117036139899,0.209107481216438,103.687053828201,254
"184",2.67045367853486,1.82191240240207,8.77904758411345,5.92114433135863,2.32105295942964,57.5488691637466,7.26648715630136,12.2003268929417,0.620992809492789,4.999085921677,0.188799805711916,92.390418472279,251
"185",3.01926604398177,2.0630085392329,9.56004493217459,6.02898196825983,3.12562921253475,49.7144089609072,8.22234638752694,13.9306707618792,0.848260762375828,4.2789257325087,0.185054265648952,79.87231507793,248
"186",3.53959303456684,2.41148440885476,10.768710281275,6.21033716273809,4.12404006979945,42.3312155634319,9.77431599064582,16.5294690598415,1.25781078886003,3.76246982054329,0.169812802045583,67.892997856912,245
"187",4.57453095814675,2.87520331681108,12.9052367032205,6.48791638286663,5.44062133683623,35.5476948587125,11.66007013924,21.0230472653209,2.08627805974612,3.5890139989534,0.167649785923381,56.796055559051,242
"188",6.25288763678662,3.23227125601438,16.4621807464695,6.95300058060876,6.9406527028785,30.6780901931003,13.1443514707928,28.3603284401536,3.44659807514119,4.08415586246865,0.190303562620904,48.707276408745,239
