Wavelength,OrangeII5,SunsetYellow5,Tartrazine5,Erioglycine5
200,0.116001,0.093136559,0.093672591,0.104591877
201,0.113742409,0.090652267,0.087121832,0.092944168
202,0.11082018,0.08880395,0.08144522,0.084546992
203,0.10738313,0.088362979,0.075727331,0.078630158
204,0.105791701,0.088343601,0.071360158,0.073971302
205,0.103355845,0.086426432,0.066248211,0.070589692
206,0.100458814,0.086276131,0.062956812,0.06815599
207,0.097566602,0.085633377,0.058909527,0.066780181
208,0.095494738,0.085011582,0.055090046,0.064813697
209,0.094403332,0.08434769,0.050999487,0.063828268
210,0.092206171,0.083014729,0.046707539,0.061660678
211,0.090923635,0.083317148,0.043503864,0.060560805
212,0.0901238,0.083020339,0.040518849,0.058528525
213,0.08918043,0.082197289,0.036828416,0.056902804
214,0.088539382,0.081401395,0.03337445,0.054513481
215,0.088673738,0.080292876,0.030929136,0.052020923
216,0.088427445,0.079787369,0.028547427,0.049561378
217,0.090584209,0.079904589,0.027290054,0.04829988
218,0.091117827,0.078968155,0.025230986,0.044473407
219,0.093773244,0.079096856,0.024215898,0.041320962
220,0.096244661,0.079101669,0.023868718,0.038353135
221,0.099721266,0.079173947,0.022734501,0.036146008
222,0.103337904,0.080668795,0.022354415,0.03291531
223,0.106749078,0.082046474,0.021925279,0.030109969
224,0.110057106,0.084110978,0.022013322,0.0271838
225,0.112592933,0.085923712,0.021885185,0.024450871
226,0.115321843,0.08801909,0.02234041,0.021883479
227,0.117001725,0.09028742,0.022806477,0.019771689
228,0.117567805,0.092358182,0.023421942,0.017532078
229,0.117234794,0.094531233,0.02407365,0.016093231
230,0.11705484,0.097260835,0.024725104,0.014750466
231,0.114987349,0.10061344,0.024908238,0.013740666
232,0.111731624,0.103612686,0.026327916,0.012946078
233,0.106561189,0.105199533,0.027001134,0.011984083
234,0.099750867,0.106588307,0.02823828,0.011359312
235,0.091960361,0.107155579,0.029484029,0.010929313
236,0.083952142,0.105922359,0.030969129,0.011227642
237,0.07588206,0.104201282,0.032242178,0.010948976
238,0.068573346,0.102952401,0.033915194,0.010578796
239,0.062693374,0.101837481,0.036079193,0.010341141
240,0.058014979,0.09941789,0.037519308,0.010234893
241,0.054386524,0.096335525,0.039750534,0.010487175
242,0.051718106,0.092628735,0.041870313,0.010190229
243,0.049358075,0.086972127,0.044080778,0.010164932
244,0.047847042,0.0813005,0.046241833,0.010157647
245,0.046314118,0.075820776,0.048479086,0.010056661
246,0.045627078,0.070910218,0.050192664,0.010123851
247,0.044286636,0.065954762,0.05221315,0.009879324
248,0.044175578,0.062150548,0.054318416,0.010361626
249,0.044025114,0.05859674,0.056274551,0.010201355
250,0.043590417,0.056211649,0.058092149,0.010406492
251,0.043843066,0.05390752,0.059318999,0.010487971
252,0.04374293,0.052623945,0.060479677,0.010604329
253,0.044016989,0.052081818,0.061071387,0.010362739
254,0.044471563,0.051139305,0.061820327,0.010150867
255,0.044684341,0.050288892,0.062739837,0.010687489
256,0.044800805,0.049487608,0.063553403,0.010566494
257,0.044129865,0.048078409,0.064056265,0.010076179
258,0.043908631,0.046769268,0.064010287,0.010280674
259,0.043667612,0.046321331,0.063225056,0.009897774
260,0.043541675,0.04645004,0.062333851,0.009430002
261,0.043728148,0.04662191,0.06135024,0.009090178
262,0.043833913,0.04629312,0.059847011,0.008887562
263,0.043579811,0.045761483,0.058440714,0.008801235
264,0.042956883,0.044608353,0.057261484,0.008548109
265,0.041956486,0.043103526,0.056022728,0.008506415
266,0.039949255,0.040676973,0.054331525,0.008232364
267,0.038105955,0.038857179,0.052931926,0.008230176
268,0.036694305,0.037608991,0.051998208,0.008172823
269,0.035087859,0.0362977,0.050602722,0.007933134
270,0.033370239,0.034385281,0.04892918,0.008083738
271,0.031944981,0.033345802,0.047099835,0.008081471
272,0.030512625,0.032592973,0.045462272,0.008119328
273,0.028823331,0.031498502,0.043960026,0.00842705
274,0.026916334,0.030428235,0.04245214,0.008431878
275,0.025383228,0.029643734,0.040774661,0.008552094
276,0.024515364,0.028691792,0.038801881,0.008820379
277,0.023024531,0.02756328,0.037047929,0.008695125
278,0.022167539,0.026823648,0.035248565,0.009115121
279,0.021382419,0.026024689,0.033455732,0.009530234
280,0.020450944,0.02600271,0.032196129,0.009309013
281,0.020043777,0.025120309,0.030632314,0.009763476
282,0.019822351,0.025166894,0.028646498,0.010124937
283,0.019595602,0.024464863,0.026348403,0.010136379
284,0.01980043,0.024529367,0.024548621,0.010746473
285,0.019920421,0.024636245,0.023262369,0.010679613
286,0.020084778,0.024644435,0.021421871,0.010793715
287,0.020825881,0.024357672,0.019789056,0.010771354
288,0.02129825,0.024499743,0.01820262,0.011418495
289,0.022366479,0.025001195,0.016724211,0.011945143
290,0.02283551,0.025014077,0.015640241,0.012319924
291,0.023271437,0.02520671,0.014030582,0.012666176
292,0.024199584,0.025579632,0.012697908,0.012401096
293,0.024970948,0.026093134,0.011867684,0.0130363
294,0.025511875,0.026193582,0.010480928,0.013048032
295,0.026667483,0.027004913,0.009484222,0.013946308
296,0.027679203,0.027670466,0.009068431,0.014039944
297,0.028218604,0.028500647,0.008403031,0.014278108
298,0.028928788,0.028992663,0.0076244,0.014455032
299,0.029300416,0.02973614,0.006473212,0.014431437
300,0.030186359,0.030688709,0.006589523,0.015186812
301,0.030836861,0.031079129,0.005754517,0.015780515
302,0.030845217,0.031676191,0.005467435,0.015750919
303,0.031146252,0.032775714,0.005339922,0.015765649
304,0.031449971,0.033551893,0.005011326,0.016485183
305,0.031502461,0.033412422,0.004659251,0.016231866
306,0.031825268,0.034202228,0.004617319,0.016455916
307,0.032136088,0.034502989,0.004442542,0.016782326
308,0.03190563,0.034718013,0.004272462,0.016659916
309,0.031995555,0.035142294,0.004456296,0.016284999
310,0.032162735,0.03562875,0.00425077,0.016396741
311,0.032378649,0.035484309,0.003908033,0.016504132
312,0.032770445,0.035647935,0.00392869,0.016218972
313,0.03208035,0.035475998,0.004041448,0.016015313
314,0.031202929,0.036041799,0.004028465,0.015407857
315,0.030166762,0.035669087,0.004545888,0.014800393
316,0.029998352,0.035978908,0.004398356,0.014824917
317,0.028627269,0.035189683,0.004220401,0.013894287
318,0.027548644,0.034778367,0.004539611,0.013305423
319,0.026184601,0.034039791,0.004224478,0.012269456
320,0.024805747,0.032161033,0.004988863,0.012237942
321,0.022788882,0.031694087,0.00553776,0.010985704
322,0.021148365,0.029448847,0.005134344,0.010279403
323,0.019849499,0.028053737,0.00561111,0.009454277
324,0.018309215,0.026343182,0.005641471,0.008519134
325,0.017631009,0.024675493,0.005788429,0.008273135
326,0.016846245,0.023437415,0.006401528,0.007284978
327,0.015390813,0.020482135,0.005669946,0.006510115
328,0.014661458,0.019858052,0.006666258,0.005891932
329,0.013818553,0.01843707,0.007494382,0.005563591
330,0.012833438,0.016056466,0.006313259,0.005144919
331,0.012309262,0.016166274,0.00727236,0.004045883
332,0.012006459,0.015063965,0.007938901,0.004621976
333,0.011316572,0.014131842,0.008514924,0.003837174
334,0.011580917,0.013883807,0.009107518,0.003335489
335,0.01111889,0.01268641,0.009331566,0.004106245
336,0.011113345,0.01147182,0.008541292,0.003084798
337,0.010832158,0.011389171,0.00980587,0.003236702
338,0.010458593,0.010140292,0.009726249,0.003310249
339,0.00978425,0.009898603,0.010366034,0.003201667
340,0.01005899,0.00966726,0.011618453,0.002658901
341,0.010225956,0.009645803,0.01192889,0.002788338
342,0.010305041,0.008668357,0.011577278,0.003142264
343,0.009685296,0.009075137,0.012733379,0.002793755
344,0.008946025,0.008093226,0.012497262,0.002242343
345,0.008567801,0.00841899,0.013103773,0.002222082
346,0.008011026,0.008370262,0.013976375,0.001453881
347,0.009309387,0.008731955,0.013789191,0.002127604
348,0.008993408,0.008080097,0.014091265,0.002311247
349,0.008841061,0.008593946,0.015373472,0.002435792
350,0.007713072,0.009323929,0.016268813,0.001647135
351,0.008766067,0.007243044,0.016232998,0.002267781
352,0.00946087,0.010010388,0.017388888,0.002486874
353,0.009255947,0.009663,0.017444062,0.002032939
354,0.009460103,0.009801112,0.018420179,0.00208868
355,0.009612801,0.009687343,0.019125484,0.002875874
356,0.009897061,0.010469822,0.019801245,0.002331643
357,0.01012055,0.010419592,0.020135291,0.002377925
358,0.009043094,0.010957342,0.020947807,0.001534164
359,0.011090744,0.010954237,0.021769548,0.003326754
360,0.010779669,0.012140741,0.022844583,0.002800291
361,0.01110987,0.012082069,0.023209563,0.002670956
362,0.011858152,0.012613253,0.024399939,0.003144063
363,0.011974587,0.012902599,0.025358275,0.003175184
364,0.012528087,0.013403347,0.026095039,0.003539287
365,0.013069262,0.013447758,0.026462762,0.003217203
366,0.013163046,0.014186861,0.027259188,0.003633211
367,0.013597584,0.014449648,0.028313771,0.003544217
368,0.013814043,0.015088265,0.029110004,0.003682555
369,0.014529274,0.015440664,0.030173258,0.003801229
370,0.015460876,0.015640362,0.031039427,0.004362989
371,0.015851805,0.016272672,0.031683354,0.004295065
372,0.016073844,0.016299109,0.032470482,0.004464908
373,0.016713422,0.017255611,0.033606148,0.004419605
374,0.017030444,0.017498412,0.034398033,0.004542533
375,0.017733138,0.018278965,0.035528841,0.005108682
376,0.018334811,0.01744343,0.035214855,0.005366989
377,0.018735274,0.019300137,0.037530566,0.005656172
378,0.019452821,0.019319995,0.037965807,0.006167685
379,0.019781025,0.019882648,0.039189591,0.00647928
380,0.020165868,0.020327325,0.040138497,0.006434291
381,0.020881336,0.02088208,0.04101489,0.006909809
382,0.021388286,0.021205437,0.041824429,0.007157325
383,0.021626847,0.021774702,0.042799736,0.007187551
384,0.022365117,0.022285928,0.043977896,0.007573097
385,0.022858323,0.022678516,0.044653269,0.008069187
386,0.023816287,0.02291995,0.045546765,0.008704075
387,0.024048641,0.023479805,0.04648698,0.008443644
388,0.0240757,0.023395602,0.046962927,0.008041008
389,0.024585874,0.023825441,0.047599411,0.008629134
390,0.025549693,0.024157564,0.048378455,0.008823865
391,0.025756113,0.024466286,0.048987786,0.008940201
392,0.026399404,0.024974004,0.050414241,0.009104842
393,0.026839832,0.02520715,0.051025713,0.009333362
394,0.026993483,0.025681278,0.051860562,0.009314776
395,0.027565121,0.025816782,0.052470306,0.009548168
396,0.027869323,0.026091265,0.053063157,0.009886021
397,0.027829071,0.026154334,0.053909174,0.009609247
398,0.028919307,0.026421194,0.054516843,0.010529961
399,0.029093327,0.026870471,0.055300056,0.010948048
400,0.029322739,0.026793482,0.05584904,0.011390258
401,0.029674882,0.026972477,0.056388731,0.011778199
402,0.029974941,0.027297123,0.057195256,0.012106644
403,0.030244184,0.027250861,0.057574364,0.012505319
404,0.030409749,0.027611065,0.058263718,0.012983829
405,0.030721919,0.027652292,0.058912578,0.013263163
406,0.03109714,0.027927828,0.059214252,0.013494202
407,0.031370666,0.02824626,0.059738273,0.013749
408,0.031370248,0.028121591,0.060259479,0.013504025
409,0.031620029,0.028377757,0.060619934,0.013507628
410,0.031930538,0.028477547,0.061196128,0.013515343
411,0.03208589,0.028636009,0.061510487,0.013101338
412,0.032191278,0.02871714,0.061818773,0.012914889
413,0.032620424,0.02901247,0.062482833,0.012221069
414,0.032674951,0.029055047,0.062804314,0.011885224
415,0.032925652,0.029250311,0.063262383,0.011195753
416,0.033290667,0.029362318,0.063606615,0.010806023
417,0.033184534,0.029388758,0.063775639,0.010042097
418,0.033426394,0.029555143,0.063998441,0.009352292
419,0.033587871,0.029823852,0.064440424,0.008596326
420,0.033963898,0.02996922,0.06482179,0.008002315
421,0.034243015,0.030007816,0.064885499,0.007612464
422,0.034508535,0.030139322,0.065020958,0.006984559
423,0.034429399,0.030553234,0.065274055,0.006018688
424,0.034447984,0.030500238,0.06529517,0.005316169
425,0.03460533,0.030668492,0.065504069,0.004787395
426,0.034628713,0.030904242,0.065490129,0.004215733
427,0.034652574,0.030966819,0.06518575,0.00355927
428,0.035055285,0.031102619,0.065046238,0.00320907
429,0.035315918,0.031392787,0.064793425,0.003099861
430,0.035438368,0.031783285,0.064832064,0.002540045
431,0.035882419,0.032085052,0.064830507,0.00235823
432,0.036076588,0.032503779,0.06473391,0.001964703
433,0.036659104,0.03294156,0.064491096,0.001948666
434,0.036986416,0.033523435,0.064384403,0.001625759
435,0.037314648,0.034091736,0.064135368,0.001287106
436,0.037782373,0.034517701,0.063826154,0.001142809
437,0.038291605,0.035191285,0.063517781,0.000944074
438,0.038837881,0.035904052,0.063269662,0.000819075
439,0.039340539,0.03659398,0.062800514,0.000642411
440,0.040102569,0.037396452,0.062663051,0.000667652
441,0.04056294,0.038388892,0.06205511,0.000639197
442,0.041552787,0.038904953,0.061500436,0.000688203
443,0.042179776,0.039801801,0.061044606,0.000455716
444,0.042663468,0.040725655,0.060405138,0.00021916
445,0.04363087,0.041633538,0.060029911,0.000254914
446,0.044605361,0.042637287,0.059220361,0.000302866
447,0.045199929,0.043380464,0.058465792,0.000185429
448,0.046292973,0.044275927,0.057590822,0.00026817
449,0.047142559,0.045048295,0.056575282,0.000132468
450,0.048268394,0.046406905,0.055862198,0.000331583
451,0.049123915,0.047066147,0.054595577,0.000181934
452,0.050179345,0.048187515,0.053818113,0.000320603
453,0.05089174,0.048901974,0.052708475,0.000153693
454,0.052247276,0.049902304,0.051461759,0.000376099
455,0.053048996,0.051092586,0.05050427,0.000267186
456,0.054031463,0.052100464,0.049463323,0.000210229
457,0.054854585,0.053001384,0.048097482,1.66294E-05
458,0.055860767,0.053973767,0.046871955,8.41722E-05
459,0.056913735,0.055021516,0.045818756,3.97635E-05
460,0.057975111,0.056092414,0.044517531,0.000137023
461,0.059307472,0.057069919,0.043403974,0.000234849
462,0.060093565,0.058129287,0.042266736,8.98142E-05
463,0.061135249,0.059075399,0.04118724,0.00033728
464,0.062225954,0.060282799,0.04019087,0.000358437
465,0.063340468,0.061471718,0.03889378,0.000384542
466,0.064487217,0.062438025,0.037815257,0.000260998
467,0.065530365,0.063382114,0.036883465,0.000257891
468,0.066625302,0.064482796,0.035937196,0.000305714
469,0.067532448,0.065505172,0.034752274,0.000256571
470,0.068656502,0.066458705,0.033660679,0.000580429
471,0.069422824,0.067267838,0.032468668,0.000281426
472,0.070438405,0.068350139,0.031464143,0.000197103
473,0.071276059,0.068986821,0.030139829,0.000326481
474,0.072135215,0.069671373,0.029125225,0.000365921
475,0.073086267,0.070243063,0.027888533,0.000390369
476,0.07376801,0.070905286,0.026601889,0.000574755
477,0.07454664,0.071383039,0.025467326,0.000520374
478,0.075162796,0.071909661,0.024292006,0.000292172
479,0.075878238,0.07236092,0.023016584,0.000548354
480,0.076071394,0.072576905,0.021744079,0.000345644
481,0.076430825,0.072742636,0.020469649,0.000586985
482,0.076800091,0.072832416,0.019174116,0.000553562
483,0.077043337,0.072692099,0.017830631,0.000579134
484,0.077312639,0.072829264,0.016765284,0.000664334
485,0.077283663,0.072440619,0.015442308,0.000630594
486,0.077151483,0.072364676,0.014170727,0.000759894
487,0.0771424,0.071944657,0.012883957,0.000757742
488,0.077004527,0.071560616,0.011728678,0.000785634
489,0.076758062,0.071273315,0.010581583,0.000700358
490,0.076315244,0.07107843,0.00970198,0.000695796
491,0.076190484,0.070952269,0.008888183,0.000733274
492,0.075974574,0.070284466,0.007894753,0.000780864
493,0.075674673,0.070083814,0.007127582,0.000777831
494,0.075493021,0.069794605,0.006426086,0.000945371
495,0.075130796,0.069539266,0.005614885,0.000990391
496,0.074602237,0.069112318,0.005204928,0.001157779
497,0.074336057,0.068921949,0.004520468,0.001120342
498,0.073899222,0.068590502,0.004044295,0.00130997
499,0.073410345,0.068193401,0.003436835,0.001268421
500,0.072693301,0.067632804,0.003145259,0.001309192
501,0.072151368,0.067151422,0.002680044,0.001300108
502,0.071805341,0.066909673,0.002431969,0.001522661
503,0.071052199,0.066297914,0.001991228,0.001364476
504,0.070511123,0.065602976,0.001744273,0.001539253
505,0.069905108,0.064906838,0.001618913,0.001611449
506,0.069382569,0.064291495,0.00138297,0.001685604
507,0.068416459,0.06345206,0.001226646,0.001728493
508,0.067370651,0.062332182,0.000933774,0.001635967
509,0.066490097,0.061253822,0.000880685,0.00190838
510,0.065343132,0.060127164,0.000731929,0.001884133
511,0.064291348,0.058751057,0.000792986,0.002185464
512,0.062983094,0.057044036,0.000507791,0.002088966
513,0.061671586,0.05560747,0.000566769,0.002355186
514,0.059999024,0.053677371,0.000464729,0.002486094
515,0.058575643,0.051782979,0.00048302,0.002567426
516,0.056776179,0.049625321,0.000347015,0.002810969
517,0.054874157,0.047445684,0.000319457,0.002814928
518,0.052986709,0.045197441,0.000253287,0.002934381
519,0.050930263,0.0427558,0.000229256,0.003061788
520,0.048763664,0.040341208,0.00012437,0.003339635
521,0.046395709,0.03816074,0.000286228,0.003301932
522,0.044238159,0.035355332,0.000117199,0.0035318
523,0.041821336,0.032940442,0.000218174,0.003704137
524,0.039620442,0.030374395,8.17235E-06,0.003888683
525,0.037292784,0.028055063,0.000125457,0.003895471
526,0.034831566,0.025785311,7.56247E-05,0.004211866
527,0.032733777,0.023886951,0.000207221,0.004338499
528,0.030413743,0.02180972,0.000102805,0.004491522
529,0.02857217,0.019674628,4.14054E-05,0.004738867
530,0.026477312,0.017707118,6.62543E-05,0.005007502
531,0.024143761,0.015894986,-0.000120336,0.005029831
532,0.022157771,0.014356052,-1.1083E-05,0.005368456
533,0.020383674,0.012887351,2.34427E-05,0.005572266
534,0.018614718,0.011487841,0.000100527,0.005862294
535,0.016864417,0.010317242,8.9396E-05,0.006130628
536,0.015239123,0.009145507,7.21561E-05,0.006172541
537,0.013878859,0.008125443,0.000108345,0.006590576
538,0.01248476,0.00726099,0.000108216,0.006701349
539,0.011283742,0.006477489,6.22162E-05,0.007120368
540,0.010048061,0.00571572,9.32531E-05,0.007361688
541,0.009075517,0.005151841,0.000148887,0.007688704
542,0.008193016,0.00448755,0.000117924,0.008176303
543,0.007295738,0.003898734,8.7584E-05,0.008290779
544,0.006368428,0.003394162,8.08018E-05,0.00866226
545,0.005820255,0.003099821,9.88053E-06,0.009014615
546,0.005145011,0.002636527,-1.66214E-05,0.009483976
547,0.004510031,0.00250955,7.12242E-05,0.009760407
548,0.003949532,0.002223298,4.24925E-05,0.010154231
549,0.003635055,0.001833901,6.08185E-05,0.010629599
550,0.003283312,0.00156178,-0.000148331,0.011129725
551,0.002732459,0.001428419,3.54523E-05,0.01146193
552,0.002352014,0.001265875,-5.8545E-05,0.011824781
553,0.002161852,0.001205541,-5.33757E-06,0.0125678
554,0.001827009,0.000941359,-0.000168562,0.012960661
555,0.001644344,0.001022459,5.45544E-05,0.013466763
556,0.001413915,0.000821384,5.64699E-05,0.014044434
557,0.001515803,0.000723759,-4.61236E-05,0.014849416
558,0.001190532,0.000645462,-3.6812E-06,0.015357216
559,0.000995487,0.00056052,4.35279E-05,0.016193214
560,0.000962962,0.000567464,-4.9022E-05,0.016765703
561,0.000841306,0.000357846,-0.000134359,0.017554034
562,0.000756336,0.000294789,-7.21563E-05,0.018291627
563,0.000659003,0.000375483,-1.23771E-05,0.019184624
564,0.00060483,0.000212012,-9.09941E-05,0.019900721
565,0.000533006,0.00025815,3.17769E-05,0.020907991
566,0.000543388,0.000288704,-8.13267E-06,0.021600694
567,0.000430676,0.000175717,-3.15798E-05,0.022801953
568,0.000472351,0.000192078,-6.58941E-05,0.023398028
569,0.000392111,0.000130003,0.000193187,0.024570403
570,0.00014993,2.46653E-05,-8.61813E-05,0.025302793
571,0.000357121,0.00012964,-7.54168E-05,0.026458683
572,0.000445999,0.000142997,9.76021E-05,0.027345669
573,0.000326378,0.000188428,1.71274E-05,0.028312041
574,0.00040852,2.31644E-05,-4.33287E-05,0.029385935
575,0.000593178,-0.000116452,0.000109769,0.030201941
576,0.000146464,-6.35705E-05,2.21965E-06,0.030807155
577,4.01645E-05,3.03168E-06,-0.000144864,0.03156779
578,6.27671E-05,-5.6533E-05,-1.18595E-05,0.032577333
579,6.72153E-05,0.000228349,1.99227E-05,0.033362982
580,-7.05388E-06,0.000102462,-6.58941E-05,0.034242918
581,-5.39052E-05,0.000307348,-0.000199089,0.034783394
582,5.05088E-05,0.000171264,5.33638E-05,0.035557293
583,4.67848E-05,0.000122962,2.63415E-05,0.036399313
584,0.000109114,5.2563E-05,-9.56517E-05,0.03720595
585,5.09932E-06,8.39823E-05,4.8187E-05,0.03789419
586,-8.44127E-05,2.0059E-05,0.000112332,0.038710968
587,6.20946E-05,-5.44631E-05,-5.14027E-05,0.039797817
588,0.000122977,-7.81108E-05,7.82133E-05,0.040454616
589,-6.87973E-05,0.000152523,0.000123257,0.041328845
590,-8.0845E-05,-6.72444E-05,-7.82632E-05,0.042268832
591,0.000168606,-4.93401E-05,1.69721E-05,0.043142212
592,7.2698E-05,9.8114E-05,-4.40587E-06,0.043904566
593,0.000115011,0.000317602,0.000215791,0.044870754
594,1.5753E-05,7.43078E-06,-0.000150556,0.045762782
595,6.83015E-05,7.14557E-05,7.62977E-05,0.047071421
596,-8.23962E-05,8.62114E-06,9.93882E-05,0.048167624
597,9.40091E-05,0.000129122,0.000109122,0.049478901
598,7.33187E-05,3.20148E-05,8.9488E-06,0.050894246
599,-6.37299E-05,-7.37126E-05,0.000123593,0.052254532
600,0.000147446,-0.000117642,-5.73546E-05,0.053985898
601,0.000213981,-1.3374E-05,1.32451E-05,0.055666038
602,0.000143049,5.74802E-05,0.000186584,0.05749219
603,-1.52034E-06,0.000100599,-2.69773E-06,0.059396003
604,0.000236334,-0.000105741,1.37628E-05,0.061625638
605,7.90085E-05,9.44387E-05,-9.08906E-05,0.063493335
606,0.00014129,-0.000134094,-8.24551E-05,0.065961995
607,0.000188628,1.2037E-05,0.000102003,0.068526172
608,4.33195E-05,0.00011266,-5.17133E-05,0.071107798
609,0.000121529,6.05341E-05,-0.000102276,0.074202076
610,-0.000197117,7.54414E-05,5.53245E-06,0.076923587
611,3.16307E-05,0.000123169,4.46668E-05,0.080206954
612,-0.000161965,1.10019E-05,0.000179775,0.083186322
613,7.63705E-05,9.44387E-05,-0.000223043,0.086380751
614,0.000128357,0.000107173,8.7584E-05,0.0897021
615,1.02193E-05,-8.36474E-05,1.21064E-05,0.09321309
616,-0.000167082,-0.000110398,-4.01716E-05,0.096316458
617,-9.51674E-05,-2.5639E-05,5.56416E-05,0.099818998
618,-2.63949E-05,3.44992E-05,6.16985E-05,0.102986597
619,6.4267E-05,-6.8952E-05,-6.52213E-05,0.106146806
620,-5.89727E-05,-9.08915E-05,-6.38757E-05,0.109293343
621,-9.94588E-05,-0.000148115,-0.000234114,0.111959674
622,0.000144342,-0.000134819,1.49016E-05,0.114987695
623,-0.00019784,-4.61317E-05,-5.79239E-05,0.11764861
624,-0.000137563,-0.000226488,-0.00018781,0.119729579
625,-4.73898E-05,-8.40578E-06,-0.0001163,0.121790283
626,-8.62741E-05,-3.82142E-05,3.56593E-05,0.123245836
627,-7.62948E-05,7.50273E-05,-3.40642E-05,0.124409766
628,-3.53411E-05,-0.000139837,-8.21446E-05,0.125218579
629,6.13368E-06,-2.61048E-05,-6.97757E-05,0.125720763
630,-0.000115538,-1.69449E-05,-0.0001163,0.125546911
631,-7.40714E-05,0.000103549,-1.79154E-05,0.125005105
632,8.85778E-05,-8.14742E-05,-9.59105E-05,0.124264822
633,6.37498E-05,7.73566E-05,1.5678E-05,0.122542993
634,5.33535E-05,2.58557E-05,9.25937E-06,0.120504164
635,3.31306E-05,7.48203E-05,9.36673E-05,0.118105874
636,0.000143929,-0.000246144,-0.000122458,0.115264379
637,-1.9155E-05,-0.00021666,7.51588E-05,0.111926326
638,-4.46812E-06,7.06793E-05,5.65216E-05,0.10827677
639,3.6751E-05,-5.79301E-05,0.000110805,0.104660422
640,2.91999E-05,0.000136474,0.00017123,0.100491495
641,-8.81355E-05,-4.74772E-05,8.25103E-05,0.096083895
642,4.03714E-05,5.41675E-05,6.71344E-05,0.091636696
643,-0.000162688,-3.86799E-05,-0.000239184,0.087097594
644,-8.33786E-05,0.000100443,1.00358E-05,0.082594962
645,0.000254134,0.000132643,1.39181E-05,0.07800068
646,-9.73907E-05,-8.90805E-05,0.000111271,0.073415243
647,3.64407E-05,4.33498E-05,-1.88471E-05,0.068540984
648,2.53727E-05,1.51423E-05,-3.8153E-05,0.064181537
649,0.000140721,6.90747E-05,-5.43528E-05,0.059608833
650,3.1217E-05,-9.28577E-05,-0.000100257,0.055439257
651,5.27846E-05,-2.25857E-05,4.06807E-05,0.051350162
652,-0.000121071,-7.16428E-05,9.00432E-05,0.047577788
653,0.000134824,8.94693E-05,0.000133431,0.04387216
654,-2.7998E-05,-5.141E-05,8.53469E-06,0.040583012
655,0.000118735,-3.28323E-05,-6.92581E-05,0.037276828
656,-9.5581E-05,-7.56271E-05,9.15705E-05,0.034343385
657,0.00014636,4.88881E-05,0.000108371,0.031679277
658,7.71981E-05,-0.000240092,-0.000186568,0.02881311
659,-0.000119726,9.21093E-05,-8.92864E-05,0.026275511
660,-0.000260125,-0.000153496,2.96545E-05,0.02407289
661,-1.03119E-05,0.000198058,-5.80343E-06,0.021954019
662,1.28051E-05,0.000108001,0.000147359,0.020124341
663,-0.000110161,-3.44365E-05,-9.63245E-05,0.018177885
664,-3.52377E-05,-2.30515E-05,3.78853E-05,0.016524694
665,3.47339E-05,7.62696E-05,2.72215E-05,0.015102626
666,-0.000318577,-0.000111692,-0.000277879,0.013581547
667,-7.8725E-05,-2.7709E-05,2.24592E-05,0.012709363
668,-1.53282E-05,7.91683E-05,-1.84848E-05,0.011167901
669,1.51324E-05,6.51408E-05,-4.44674E-05,0.010262817
670,-0.000188122,-9.38908E-06,3.50382E-05,0.009376484
671,-4.34597E-05,-6.80144E-06,-7.74351E-05,0.00853634
672,-9.58912E-05,-0.000180397,-9.15634E-05,0.007715886
673,-0.000125775,4.38157E-05,-0.000113298,0.00691575
674,-0.0001326,-0.000144597,-0.00027581,0.006345352
675,7.1767E-05,-0.000120332,-0.00010005,0.005781994
676,-0.000291859,-0.000190226,-1.67767E-05,0.005160054
677,6.3905E-05,-0.000106466,6.19056E-05,0.004857699
678,-5.55599E-05,-0.00022235,-0.000173788,0.004263288
679,-0.000131204,2.58557E-05,3.13628E-05,0.003770116
680,-4.54247E-05,-0.000242626,-3.62898E-05,0.003617321
681,-0.000168065,-0.000199848,-0.000163129,0.003145757
682,5.96637E-05,0.000167692,8.09572E-05,0.002737454
683,3.14238E-05,-0.000176776,-0.000105484,0.002704308
684,4.76641E-05,1.93862E-05,-4.23454E-05,0.002383259
685,0.000101354,-0.000148426,-0.000290863,0.002237115
686,-0.000117503,-0.000104603,7.21561E-05,0.001802512
687,8.39741E-05,-5.13065E-05,-2.00893E-05,0.002060237
688,-0.000160827,-8.1112E-05,-6.03046E-05,0.001437162
689,-0.000280024,-8.40614E-05,-0.000163336,0.001563819
690,-0.000223686,0.000105775,-1.30017E-06,0.001251371
691,-0.00010282,4.81117E-05,-9.94295E-05,0.00108444
692,-0.000256714,1.27615E-05,2.82051E-05,0.000924107
693,-0.000137201,6.46749E-05,3.96454E-05,0.001139826
694,-5.18885E-05,0.000224155,0.000252873,0.000809794
695,8.68191E-05,-0.000139423,-0.000171977,0.000872327
696,0.000118787,9.80105E-05,8.7351E-05,0.000576387
697,-2.69637E-05,-0.000216453,-8.58707E-05,0.000575403
698,-0.000217328,-2.92615E-05,4.88082E-05,0.000484521
699,-6.71426E-05,0.000138027,0.000222058,0.000376306
700,-3.46688E-05,7.29568E-05,-0.000108279,0.000370867
701,-0.000469554,-6.38809E-05,5.07236E-05,0.000142563
702,-0.000134875,0.000145999,4.14572E-05,0.00033873
703,6.64911E-05,-0.000347821,-0.00033007,0.000353594
704,7.41463E-05,-9.28557E-06,0.000106248,0.000407385
705,0.000127995,-0.000227729,-8.34311E-07,0.000249813
706,0.000126754,-0.000172327,-8.26621E-05,0.000354992
707,1.23914E-05,-0.000254626,-0.000268775,0.000181131
708,-0.00012045,-0.000127782,-2.80084E-05,0.000223121
709,3.13204E-05,0.000209216,-8.17823E-05,0.000390187
710,-0.000301833,-4.26646E-05,-0.000210109,0.000182477
711,0.000167726,4.23664E-05,0.000150414,0.000232959
712,0.000102182,-0.000190899,-0.000100413,0.000224312
713,-4.13396E-05,8.25886E-06,0.000167347,7.90479E-05
714,3.99059E-05,0.000113385,-2.85302E-06,0.000197621
715,-0.000241208,4.58343E-05,4.78246E-05,2.47029E-05
716,-0.000204716,-0.000147391,0.000119839,-8.03448E-05
717,-0.000138235,-1.54958E-05,-7.433E-05,-0.000231352
718,7.13532E-05,0.00024844,0.000137936,1.19716E-05
719,7.92671E-05,0.000262862,0.000224492,-0.00019054
720,0.000145481,0.000118303,-2.4023E-05,0.000244402
721,5.38707E-05,9.12293E-05,0.000101822,8.70191E-05
722,-1.34148E-05,0.000187366,0.000140939,0.000139146
723,-0.000148988,0.000426844,0.000184409,-0.000212783
724,9.93887E-05,-0.000130214,-9.25984E-05,0.000120148
725,0.000172693,0.000171756,3.96454E-05,-0.000125202
726,-0.000112953,0.000345156,-1.92611E-05,-0.000177608
727,0.000282026,5.02856E-05,-8.13166E-05,0.00013459
728,0.000154896,1.32381E-06,7.41234E-05,3.69133E-06
729,-0.000336457,-0.000233678,6.88428E-05,-0.00012096
730,-1.78105E-05,-0.000386242,-0.000513233,-0.000206731
731,-0.000186261,0.000104326,0.000137806,-0.000208645
732,0.000232142,-0.00040103,-7.40712E-05,0.000214811
733,-0.000440727,3.65695E-05,0.000217708,-0.000409606
734,1.85458E-05,-7.11197E-06,-5.52326E-05,-0.000165968
735,-0.000188794,-0.000187484,-0.000157231,-0.000372689
736,1.93216E-05,-0.000274953,-0.000160646,-0.000278314
737,0.000130633,-9.52896E-05,-0.000116817,-0.000289071
738,0.000139169,7.29568E-05,0.000127373,-7.5895E-05
739,4.47874E-06,0.000116646,0.000148291,-0.000237765
740,5.42845E-05,0.000309109,0.000129392,-5.62844E-05
741,0.00010151,5.23559E-05,-2.57828E-05,-1.94955E-06
742,-0.000123914,0.00018149,2.96545E-05,-0.000250179
743,-0.000135185,0.000226537,0.000102961,-0.000178332
744,7.08877E-05,-1.55476E-05,-0.000146416,-0.000302207
745,0.000312922,-0.000127058,6.67122E-06,0.000208701
746,0.000231314,-4.45793E-05,0.000100941,8.72779E-05
747,3.1217E-05,0.000219883,6.89463E-05,-0.00036395
748,-7.07622E-05,-0.000229747,-0.000309329,-0.000329822
749,0.000205495,0.000114938,0.000318809,-0.000102852
750,0.000102337,-0.000243557,1.94568E-05,-0.000236214
