storm ID,Start Date,End Date,Duration (hours),precip,OUT Pure Glycol Application (gallons),OUT Pure Glycol Application (kg),OUT sample start,OUT sample end,OUT Volume (liters),OUT Ethylene Glycol (kg),OUT Propylene Glycol (kg),OUT EG+PG (kg),CG Pure Glycol Application (gallons),CG Pure Glycol Application (kg),CG sample start,CG sample end,CG Volume (liters),CG Ethylene Glycol (kg),CG Propylene Glycol (kg),CG EG+PG (kg),US sample start,US sample end,US Volume (liters),US Ethylene Glycol (kg),US Propylene Glycol (kg),US EG+PG (kg),LK sample start,LK sample end,LK Volume (liters),LK Ethylene Glycol (kg),LK Propylene Glycol (kg),LK EG+PG (kg),LK EG+PG (kg)
S1,11/23/1996,11/25/1996,34:00:00,Freezing rain,7187,28293,11/23/1996 23:00,11/25/1996 9:00,"2,878,152",71,"1,433","1,504",2072,8155,11/23/1996 23:30,11/25/1996 0:00,"159,761",5.1,189.6,195,11/23/1996 23:00,11/25/1996 9:00,429863.38,,,,11/24/1996 1:00,11/25/1996 10:00,13685901,,,,
S2,12/5/1996,12/6/1996,27:55:00,Freezing rain,6180,24329,12/5/1996 7:10,12/6/1996 11:05,"5,055,360",666,"8,670","9,336",1624,6395,12/5/1996 11:55,12/6/1996 8:15,"217,745",104.3,"2,063.40","2,168",12/5/1996 7:10,12/6/1996 11:05,1404579.19,,,,12/5/1996 9:00,12/6/1996 9:00,22514370,,,,
S3,1/24/1997,1/25/1997,24:00:00,Snowfall,7348,28926,1/24/1997 15:45,1/25/1997 15:45,"2,200,695",149,"2,076","2,225",4315,16985,1/24/1997 16:05,1/25/1997 14:30,"42,815",8.8,139.2,148,1/24/1997 14:45,1/25/1997 15:54,317810.2,,,,1/24/1997 15:25,1/25/1997 18:30,11268684,,,,
S4,4/11/1997,4/12/1997,24:15:00,Freezing rain,3896,15340,4/11/1997 14:45,4/12/1997 15:00,"11,408,138","4,691","15,342","20,033",na,na,4/11/1997 16:10,4/12/1997 12:00,"553,660",14.7,"4,279.20","4,294",4/11/1997 14:15,4/12/1997 15:30,3021031.85,,,,4/11/1997 14:45,4/12/1997 15:00,49661575,,,,
S5,12/10/1997,12/10/1997,14:20,Freezing rain,7744,30485,12/10/1997 6:35,12/10/1997 20:55,"5,786,548","1,273","21,410","22,683",572,2252,12/10/1997 7:25,12/10/1997 20:45,"140,423",69,"1,194","1,262",12/10/1997 5:55,12/10/1997 20:20,1317299.86,23.71,23.71,47.42,12/10/1997 9:00,12/11/1997 1:10,31714872,1554,22518,24072,22683
S6,1/4/1998,1/4/1998,6:25,Freezing rain,10698,42117,1/4/1998 6:05,1/4/1998 12:30,"3,659,670","3,513","13,175","16,688",0,0,1/4/1998 6:10,1/4/1998 12:00,"36,444",1,21,21,1/4/1998 6:25,1/4/1998 10:45,489881.51,8.82,8.82,17.64,,,,,,,16688
S7,1/8/1998,1/8/1998,11:15,Snowfall,7906,31125,1/8/1998 8:25,1/8/1998 19:40,"2,235,898",313,"2,236","2,549",1051,4139,1/8/1998 9:45,,0,0,0,0,1/8/1998 8:35,1/8/1998 19:35,659782.61,11.88,11.88,23.75,1/8/1998 11:30,1/9/1998 3:05,21350905,384,2562,2946,2549
S8,3/3/1998,3/3/1998,3:45,Freezing rain,3943,15522,3/3/1998 6:10,3/3/1998 9:55,"832,799",100,583,683,na,na,3/3/1998 8:55,3/3/1998 10:15,"1,954",0,76,76,3/3/1998 6:05,3/3/1998 10:20,397851.74,7.16,7.16,14.32,3/3/1998 12:05,3/3/1998 15:25,4247528,76,467,544,683
S9,7/20/1998,7/21/1998,7:55,Thunderstorm,0,0,7/20/1998 19:50,7/21/1998 3:45,"23,211,322",418,418,836,0,0,7/20/1998 19:06,7/20/1998 20:04,"999,302",18,18,36,7/20/1998 20:05,7/21/1998 6:25,6059805.9,109.08,109.08,218.15,7/20/1998 19:45,7/21/1998 9:55,141301082,2543,2543,5087,836
S10,12/20/1998,12/20/1998,2:10,Freezing mist,2452,9652,12/20/1998 20:50,12/20/1998 23:00,"75,323",eqp,eqp,eqp,na,na,12/20/1998 22:30,,0,0,0,0,12/20/1998 17:55,12/20/1998 23:00,44032.7,0.79,0.79,1.59,12/20/1998 21:15,12/21/1998 8:10,4044779,73,73,146,eqp
S11,12/29/1998,12/29/1998,5:47,Wet snowfall,1836,7229,12/29/1998 6:02,12/29/1998 11:49,"158,008",3,3,6,na,na,12/29/1998 6:10,12/29/1998 12:19,"6,116",6,10,15,12/29/1998 7:15,12/29/1998 10:51,5861.59,0.11,0.11,0.21,12/29/1998 13:20,12/30/1998 9:25,5302613,95,95,191,6
S12,1/11/1999,1/11/1999,16:05,Snowfall,5808,22863,1/11/1999 6:50,1/11/1999 22:55,"279,204",5,9,15,612,2408,1/11/1999 7:08,1/11/1999 22:50,"16,311",0,19,19,1/11/1999 7:00,1/11/1999 21:30,17867.93,0.32,0.32,0.64,,,,,,,15
S13,1/17/1999,1/17/1999,8:25,Rain & snowmelt,2047,8061,1/17/1999 13:10,1/17/1999 21:35,"5,280,243",686,"7,392","8,079",0,0,1/17/1999 13:30,1/17/1999 18:45,"314,883",16,173,189,1/17/1999 13:10,1/17/1999 21:35,41342.6,0.74,0.74,1.49,1/17/1999 14:35,1/18/1999 10:45,74133513,1334,5189,6524,8079
S14,3/13/1999,3/13/1999,5:20,Snowmelt,642,2526,3/13/1999 15:05,3/13/1999 20:25,"884,902",97,690,788,na,na,3/13/1999 15:03,3/13/1999 16:16,"3,681",1,10,12,3/13/1999 16:25,3/13/1999 18:45,90047.58,1.62,1.62,3.24,3/13/1999 16:23,3/13/1999 22:22,5661105,102,192,294,788
S15,3/15/1999,3/16/1999,30:05:00,Snowmelt,159,627,3/15/1999 14:40,3/16/1999 20:45,"14,798,952",681,"5,180","5,860",na,na,3/15/1999 14:47,3/17/1999 8:08,"121,593",23,158,181,3/15/1999 15:10,3/16/1999 9:50,927008.72,16.69,16.69,33.37,3/15/1999 15:30,3/17/1999 2:50,67677272,1218,2436,3655,5860
S16,9/27/1999,9/27/1999,4:50,Thunderstorm,0,0,9/27/1999 5:15,9/27/1999 10:05,"2,114,986",38,38,76,0,0,,,,,,,9/27/1999 5:00,9/27/1999 11:05,491750.42,8.85,8.85,17.7,9/27/1999 4:40,9/27/1999 11:25,14604699,263,263,526,76
S17,1/3/2000,1/4/2000,19:25,Freezing rain,8888,34991,1/3/2000 15:45,1/4/2000 11:10,"1,162,973",90,"3,489","3,578",2952,11622,1/3/2000 15:38,1/4/2000 10:32,"24,352",9,852,861,1/3/2000 15:35,1/4/2000 9:50,27750.51,0.5,0.5,1,1/3/2000 20:45,1/4/2000 15:50,11808126,213,2480,2692,3578
S18,1/19/2000,1/19/2000,7:50,Snowfall,6491,25554,1/19/2000 16:00,1/19/2000 23:50,"294,778",5,141,147,2203,8671,,,,,,,1/19/2000 15:55,1/19/2000 23:20,10760.4,0.19,0.19,0.39,1/19/2000 20:45,1/20/2000 6:00,1755645,32,165,197,147
S19,2/13/2000,2/13/2000,14:45,Snowfall,13964,54972,2/13/2000 6:25,2/13/2000 21:10,"1,302,009",768,"5,468","6,237",30,118,,,,,,,2/13/2000 6:10,2/13/2000 20:50,4813.86,0.09,0.09,0.17,2/13/2000 10:50,2/14/2000 4:50,9457828,170,1324,1494,6237
S20,2/22/2000,2/24/2000,50:35:00,Snowmelt/Rain,61,239,2/22/2000 11:25,2/24/2000 14:00,"75,152,920","2,931","25,552","28,483",0,0,2/22/2000 11:27,2/24/2000 10:25,"702,258",34,527,560,2/22/2000 14:05,2/24/2000 12:00,17896249.2,322.13,322.13,644.26,2/22/2000 11:40,2/24/2000 16:35,314883372,5668,5668,11336,28483
S21,2/24/2000,2/27/2000,66:35:00,Snowmelt,332,1306,2/24/2000 19:25,2/27/2000 14:00,"24,486,996",612,"4,163","4,775",0,0,,,,,,,2/24/2000 15:30,2/28/2000 4:40,8155252.8,146.79,163.11,309.9,2/24/2000 18:15,2/28/2000 9:45,136827019,2463,4926,7389,4775
S22,4/7/2000,4/8/2000,15:05,Wet snowfall,10031,39491,4/7/2000 12:35,4/8/2000 3:40,"13,103,906","2,883","17,035","19,918",1305,5138,4/7/2000 12:37,4/8/2000 0:36,"124,594",2,162,164,4/7/2000 12:50,4/8/2000 2:50,3313071.45,59.64,59.64,119.27,4/7/2000 15:40,4/8/2000 7:25,50687162,1774,12672,14446,19918
S23,9/22/2000,9/22/2000,9:15,Thunderstorm,0,0,9/22/2000 12:30,9/22/2000 21:45,"30,243,528",544,544,"1,089",0,0,9/22/2000 12:36,9/22/2000 21:06,"1,104,357",20,20,40,9/22/2000 13:00,9/22/2000 22:15,9118025.7,164.12,164.12,328.25,9/22/2000 12:50,9/22/2000 22:05,158177924,2847,3796,6643,1089
S24,12/11/2000,12/11/2000,14:15,Snowfall,9986,39311,12/11/2000 7:20,12/11/2000 21:35,"592,389",35,592,627,1276,5021,,,,,,,12/11/2000 7:50,12/11/2000 22:35,133655.53,2.41,7.22,9.62,12/11/2000 14:25,12/12/2000 9:35,4780734,86,621,708,627
S25,12/16/2000,12/16/2000,4:35,Freezing mist,1834,7219,12/16/2000 6:20,12/16/2000 10:55,"471,759",142,"3,114","3,255",190,748,12/16/2000 6:18,12/16/2000 16:44,"92,228",2,"1,752","1,754",12/16/2000 6:25,12/16/2000 10:50,70792.13,1.27,8.5,9.77,,,,,,,3255
S26,1/14/2001,1/14/2001,9:55,Freezing rain,1964,7733,1/14/2001 6:40,1/14/2001 16:35,"3,440,214",654,"5,504","6,158",44,173,1/14/2001 6:45,1/14/2001 12:37,"249,061",6,172,178,1/14/2001 6:55,1/14/2001 16:35,565204.33,10.17,25.43,35.61,1/14/2001 9:00,1/14/2001 16:20,30885188,1390,5868,7258,6158
S27,1/29/2001,1/29/2001,7:10,Freezing rain,3369,13263,1/29/2001 6:35,1/29/2001 13:45,"788,907",221,"3,471","3,692",0,0,1/29/2001 6:45,1/29/2001 13:55,"145,577",3,"1,398","1,400",1/29/2001 6:50,1/29/2001 13:45,306105.15,5.51,5.51,11.02,1/29/2001 10:10,1/29/2001 19:50,32102247,578,4815,5393,3692
S28,2/24/2001,2/24/2001,6:25,Freezing rain,6121,24098,2/24/2001 6:15,2/24/2001 12:40,"4,478,876",851,"9,406","10,257",92,360,2/24/2001 6:19,2/24/2001 13:27,"418,608",8,963,970,2/24/2001 6:35,2/24/2001 13:30,1059050.19,19.06,85.78,104.85,2/24/2001 8:30,2/24/2001 17:45,72304245,1301,11569,12870,10257
S29,3/20/2001,3/25/2001,112:40:00,Snowmelt,482,1898,3/20/2001 9:50,3/25/2001 2:30,"12,646,305",228,582,809,0,0,3/20/2001 11:23,3/26/2001 13:16,"285,264",5,599,604,3/20/2001 10:10,3/26/2001 9:10,3326663.54,59.88,59.88,119.76,3/20/2001 21:55,3/26/2001 12:40,91717711,1651,1651,3302,809
S30,10/24/2001,10/24/2001,1:33,Thunderstorm,0,0,10/24/2001 0:47,10/24/2001 2:20,"6,951,504",125,125,250,0,0,10/24/2001 0:36,10/24/2001 1:47,"311,485",6,6,11,,,,,,,10/24/2001 0:50,10/24/2001 3:30,47487357,855,855,1710,250
S31,1/14/2002,1/14/2002,5:50,Rain/snowfall,569,2242,1/14/2002 8:40,1/14/2002 14:30,"834,781",15,61,76,40,157,1/14/2002 5:54,1/14/2002 13:52,"229,366",5,177,182,1/14/2002 6:05,1/14/2002 15:15,594653.85,10.7,10.7,21.41,1/14/2002 9:10,1/14/2002 18:35,9287927,167,167,334,76
S32,1/16/2002,1/17/2002,14:40,Wet snowfall,5273,20758,1/16/2002 14:00,1/17/2002 4:40,"1,735,823",38,52,90,1199,4719,1/16/2002 14:05,1/17/2002 3:51,"31,149",1,30,30,1/16/2002 14:15,1/17/2002 1:15,622970.7,11.21,11.21,22.43,1/16/2002 17:10,1/17/2002 6:05,6541192,118,164,281,90
S33,1/31/2002,2/1/2002,31:20:00,Snow/mist ,13359,52591,1/31/2002 5:30,2/1/2002 12:50,"9,146,343","1,006","12,805","13,811",1358,5345,1/31/2002 5:35,2/1/2002 12:30,"566,337",10,"2,095","2,106",1/31/2002 5:40,2/1/2002 10:50,2661783.9,47.91,47.91,95.82,1/31/2002 9:40,2/1/2002 15:15,48223596,868,8680,9548,13811
S34,2/21/2002,2/21/2002,7:30,Wet snowfall,3189,12553,2/21/2002 5:20,2/21/2002 12:50,"2,657,536",48,478,526,506,1991,2/21/2002 5:26,2/21/2002 12:59,"28,317",1,159,159,2/21/2002 5:40,2/21/2002 12:50,594653.85,10.7,35.68,46.38,2/21/2002 8:55,2/21/2002 18:35,12969117,233,298,532,526
S35,3/1/2002,3/2/2002,25:40:00,Snowfall/Lt. rain,9380,36929,3/1/2002 21:45,3/2/2002 23:25,"4,567,508","1,005","6,851","7,856",374,1472,3/1/2002 21:47,3/3/2002 5:10,"133,089",4,479,483,3/1/2002 21:55,3/2/2002 22:15,1557426.75,28.03,45.17,73.2,3/2/2002 8:05,3/3/2002 6:50,25541799,690,4087,4776,7856
S36,10/2/2002,10/2/2002,8:15,Thunderstorm,0,0,10/2/2002 2:35,10/2/2002 10:50,"8,628,144",155,155,311,0,0,10/2/2002 1:28,10/2/2002 6:56,"578,796",10,10,21,10/1/2002 23:30,10/2/2002 12:00,2385694.61,42.94,42.94,85.89,10/2/2002 1:20,10/2/2002 13:10,56152314,1011,1011,2021,311
S37,1/31/2003,1/31/2003,9:35,Freezing mist,2474,9741,1/31/2003 8:05,1/31/2003 17:40,"3,162,992",57,"7,275","7,332",112,443,1/31/2003 7:54,1/31/2003 17:34,"65,978",1,376,377,,,,,,,1/31/2003 8:50,1/31/2003 22:30,4260270,77,77,153,7332
S38,3/4/2003,3/8/2003,91:35:00,Snow & snowmelt,15661,61654,3/4/2003 16:20,3/8/2003 11:55,"1,775,466",85,"3,373","3,459",1684,6630,3/4/2003 16:26,3/7/2003 18:42,"149,796",3,"1,094","1,096",,,,,,,3/4/2003 23:25,3/8/2003 14:40,22993282,414,3219,3633,3459
S39,3/14/2003,3/16/2003,53:30:00,Snowmelt,629,2475,3/14/2003 13:40,3/16/2003 19:10,"33,187,348","1,062","13,607","14,669",26,104,3/14/2003 13:20,3/16/2003 12:07,"840,444",15,"2,437","2,452",3/14/2003 14:00,3/16/2003 17:25,16197238.2,291.55,291.55,583.1,3/14/2003 14:35,3/16/2003 20:15,164775750,2966,21421,24387,14669
S40,4/4/2003,4/5/2003,9:20,Freezing rain,5127,20185,4/4/2003 16:35,4/5/2003 1:55,"17,216,645",310,"8,092","8,402",627,2470,4/4/2003 16:40,4/5/2003 1:33,"222,287",4,600,604,4/4/2003 23:05,4/5/2003 1:00,298742.77,5.38,15.24,20.61,4/4/2003 17:50,4/5/2003 5:45,60173306,1083,7221,8304,8402
S41,1/4/2004,1/5/2004,12:00,Snowfall,6014,23677,1/4/2004 16:15,1/5/2004 4:15,"563,505",10,29,39,0,0,1/4/2004 16:51,1/4/2004 23:09,"1,982",0,2,2,1/4/2004 17:00,1/5/2004 3:35,47572.31,0.86,1.19,2.05,1/4/2004 17:10,1/5/2004 11:13,5683192,102,102,205,39
S42,1/17/2004,1/18/2004,23:20,Light rain/snow,7018,27628,1/17/2004 5:40,1/18/2004 5:00,"1,271,427",23,"16,529","16,551",911,3588,1/17/2004 8:58,1/17/2004 20:02,"112,701",2,"1,352","1,354",1/17/2004 9:20,1/17/2004 15:05,44457.45,0.8,0.8,1.6,1/17/2004 9:05,1/18/2004 4:50,10604943,191,1803,1994,16551
S43,2/19/2004,2/22/2004,62:05:00,Snowmelt/Rain,3995,15726,2/19/2004 18:05,2/22/2004 8:10,"12,493,394",225,"23,737","23,962",440,1733,2/20/2004 14:16,2/22/2004 4:41,"812,410",15,"11,374","11,388",,,,,,,2/19/2004 19:46,2/22/2004 15:51,86564610,1558,25969,27528,23962
S44,1/1/2005,1/2/2005,7:10,Freezing Rain,957,3767,1/1/2005 16:55,1/2/2005 0:05,"4,472,080",80,"4,248","4,329",0,0,1/1/2005 16:58,1/2/2005 0:21,"724,628",13,85,98,,,,,,,,,,,,,4329
S45,1/3/2005,1/4/2005,10:35,Fr. Rain/Snow,5133,20207,1/3/2005 13:30,1/4/2005 0:05,"1,473,609",27,"2,063","2,090",1656,6519,1/3/2005 13:12,1/3/2005 18:58,"25,485",0,"1,784","1,784",1/3/2005 13:40,1/4/2005 0:00,547647.88,9.86,9.86,19.72,1/3/2005 19:40,1/4/2005 7:40,9560618,172,583,755,2090
S46,1/4/2005,1/6/2005,35:25:00,Snowfall,14038,55266,1/4/2005 22:45,1/6/2005 10:10,"2,765,424",50,"1,687","1,737",,,,,,,,,1/5/2005 6:45,1/6/2005 12:15,728026.21,13.1,13.1,26.21,,,,,,,1737
S47,1/11/2005,1/13/2005,33:25:00,Snowmelt/Rain,1813,7137,1/11/2005 22:35,1/13/2005 8:00,"90,413,720","1,627","18,083","19,710",0,0,1/11/2005 13:33,1/13/2005 8:25,"2,567,772",46,"2,568","2,614",1/11/2005 22:45,1/13/2005 7:25,27947598.28,503.06,1145.85,1648.91,1/12/2005 17:10,1/13/2005 15:20,357330330,6432,11435,17867,19710
S48,2/19/2005,2/21/2005,24:35:00,Snow/Rain,14304,56312,2/19/2005 23:35,2/21/2005 0:10,"4,731,746",85,"24,605","24,690",544,2140,2/20/2005 10:24,2/21/2005 0:29,"114,400",2,26,28,2/19/2005 23:45,2/21/2005 0:30,1177131.45,21.19,21.19,42.38,2/20/2005 13:15,2/21/2005 15:15,49865973,898,21442,22340,24690
S49,3/17/2005,3/18/2005,18:25,Snow/mist,4877,19199,3/17/2005 16:20,3/18/2005 10:45,"2,214,095",40,"1,993","2,033",1490,5866,3/17/2005 19:49,3/18/2005 13:00,"188,024",3,"2,820","2,824",3/17/2005 16:30,3/18/2005 11:35,686400.44,12.36,42.56,54.91,3/18/2005 4:00,3/19/2005 4:05,28656652,516,6018,6534,2033
S50,3/18/2005,3/19/2005,32:20:00,Snowmelt/Rain,216,849,3/18/2005 11:55,3/19/2005 20:15,"25,685,082",462,"11,301","11,764",0,0,3/18/2005 16:29,3/19/2005 20:15,"794,288",14,707,721,3/18/2005 15:20,3/19/2005 21:10,5769558.19,103.85,1038.52,1142.37,3/19/2005 4:20,3/20/2005 13:00,89707781,1615,4934,6549,11764
S51,1/20/2006,1/21/2006,13:15,Snowfall,7072,27841,1/20/2006 16:25,1/21/2006 5:40,"1,034,131",19,558,577,1426,5615,1/21/2006 1:21,1/21/2006 3:52,"13,592",0,10,10,1/20/2006 16:35,1/21/2006 4:55,164804.07,2.97,2.97,5.93,1/21/2006 0:10,1/21/2006 17:30,11809259,213,213,425,577
S52,2/11/2006,2/11/2006,5:55,Snowfall,1824,7180,2/11/2006 17:05,2/11/2006 23:00,"650,438",12,976,987,,,,,,,,,2/11/2006 17:05,2/11/2006 23:35,164520.9,2.96,2.96,5.92,2/11/2006 22:15,2/12/2006 4:50,2497263,45,72,117,987
S53,2/16/2006,2/16/2006,12:17,"S, R, FR, D, I",,,,,,,,,2597,10226,2/16/2006 5:29,2/16/2006 17:46,"322,246",6,644,650,2/15/2006 22:20,2/16/2006 21:45,1458034.61,26.24,27.7,53.95,2/16/2006 6:10,2/17/2006 6:20,38153274,687,6486,7173,
S54,3/5/2006,3/6/2006,21:10,Snowfall,9357,36835,3/5/2006 15:55,3/6/2006 13:05,"3,245,961",58,"21,099","21,157",1838,7236,3/6/2006 1:00,3/6/2006 14:15,"407,196",7,692,700,,,,,,,3/5/2006 23:00,3/6/2006 23:40,35451280,638,6381,7019,21157
S55,3/7/2006,3/9/2006,44:00:00,melt and some rain,418,1646,3/7/2006 13:25,3/9/2006 9:25,"84,394,973","1,519","4,979","6,498",91,357,3/7/2006 13:28,3/9/2006 2:21,"2,066,564",37,"1,757","1,794",3/7/2006 14:00,3/9/2006 9:05,27197484.92,489.55,571.15,1060.7,3/7/2006 13:50,3/9/2006 9:45,350359288,6306,7358,13664,6498
S56,12/1/2006,12/1/2006,18:10,Snowfall,8178,32197,12/1/2006 3:30,12/1/2006 21:40,"4,360,795",100,"1,003","1,103",925,3642,12/1/2006 3:33,12/1/2006 22:11,"18,689",0,0,1,12/1/2006 3:30,12/1/2006 21:45,1347032.55,24.25,24.25,48.49,12/1/2006 7:56,12/2/2006 2:26,23078233,415,785,1200,1103
S57,1/14/2007,1/15/2007,15:15,lt snow,7754,30525,1/14/2007 21:10,1/15/2007 12:25,"1,500,510",27,300,327,630,2478,1/14/2007 21:15,1/15/2007 10:13,"7,362",0,2,3,1/14/2007 21:20,1/15/2007 12:30,588707.31,10.6,10.6,21.19,1/15/2007 5:10,1/15/2007 22:05,9995848,180,1799,1979,327
S58,1/21/2007,1/22/2007,22:15,"snow, FD",9392,36975,1/21/2007 8:20,1/22/2007 6:35,"1,696,179",31,763,794,261,1029,1/21/2007 18:02,1/22/2007 6:19,"18,123",0,1,1,,,,,,,1/21/2007 17:50,1/22/2007 16:50,10165749,183,529,712,794
S59,2/23/2007,2/26/2007,58:30:00,"snow, FR, R",11814,46510,2/23/2007 23:40,2/26/2007 10:10,"11,071,888",199,"7,750","7,950",38,151,2/23/2007 23:48,2/25/2007 20:18,"206,996",4,72,76,2/23/2007 23:45,2/26/2007 8:30,3596239.95,64.73,251.74,316.47,2/24/2007 13:05,2/26/2007 14:55,74331731,1338,5947,7285,7950
S60,3/1/2007,3/2/2007,25:30:00,melt with snow and rain,8186,32227,3/1/2007 7:10,3/2/2007 8:40,"43,438,048",782,"26,063","26,845",790,3109,3/1/2007 7:17,3/1/2007 15:36,"406,913",7,"1,912","1,920",3/1/2007 7:25,3/2/2007 6:10,7957034.85,143.23,1670.98,1814.2,3/1/2007 13:15,3/2/2007 12:45,197963098,3563,25735,29299,26845
S61,4/11/2007,4/12/2007,17:45,"snow, rain",5504,21669,4/11/2007 12:30,4/12/2007 6:15,"16,636,999",299,"3,660","3,960",556,2189,4/11/2007 12:23,4/12/2007 2:37,"707,072",13,"1,343","1,356",4/11/2007 12:40,4/12/2007 4:05,3086536.65,55.56,92.6,148.15,4/11/2007 17:39,4/12/2007 8:19,80448171,1448,6516,7964,3960
S62,9/25/2007,9/26/2007,11:40,Rain,0,0,9/25/2007 16:45,9/26/2007 4:25,"3,511,289",63,63,126,0,0,9/25/2007 15:50,9/25/2007 23:17,"217,757",4,4,8,9/26/2007 5:50,9/26/2007 9:45,125160.48,2.25,2.25,4.51,9/25/2007 23:04,9/26/2007 14:09,24210907,436,436,872,126
S63,12/1/2007,12/3/2007,40:30:00,"snow, FR",2400,9447,12/1/2007 13:05,12/3/2007 5:35,"19,227,141",654,"6,345","6,999",14,55,12/1/2007 20:08,12/3/2007 5:41,"481,386",9,246,254,12/1/2007 13:40,12/3/2007 5:25,5266934.1,94.8,147.47,242.28,12/2/2007 0:19,12/3/2007 11:49,108227001,1948,6710,8658,6999
S64,12/11/2007,12/12/2007,22:10,"FR, S, I, R",10973,43199,12/11/2007 6:20,12/12/2007 4:30,"2,860,002","7,150","18,018","25,168",3950,15549,12/11/2007 10:06,12/12/2007 4:32,"27,184",0,652,652,12/11/2007 6:35,12/12/2007 4:30,518198.36,9.33,16.06,25.39,12/11/2007 17:10,12/12/2007 13:59,14308504,258,11018,11275,25168
S65,1/5/2008,1/9/2008,82:10:00,melt with rain,153,604,1/5/2008 17:45,1/9/2008 3:55,"155,402,873","2,797","11,344","14,142",297,1168,1/5/2008 17:50,1/9/2008 6:05,"2,721,249",49,"2,123","2,172",1/5/2008 18:00,1/9/2008 7:15,42277057.05,760.99,760.99,1521.97,1/5/2008 22:44,1/9/2008 9:44,753029992,13555,21838,35392,14142
S66,2/17/2008,2/17/2008,12:10,"FR, rain",2095,8249,2/17/2008 3:25,2/17/2008 15:35,"35,849,132",645,"21,868","22,513",132,521,2/17/2008 3:26,2/18/2008 5:49,"2,067,130",37,"1,922","1,960",2/17/2008 3:25,2/18/2008 5:15,17329912.2,311.94,1074.45,1386.39,2/17/2008 9:35,2/18/2008 9:39,367920832,6623,13613,20236,22513
S67,3/21/2008,3/22/2008,28:24:00,Snowfall,,,,,,,,,308,1213,3/21/2008 5:58,3/22/2008 10:22,"63,996",1,70,72,,,,,,,,,,,,,
S68,3/25/2008,3/25/2008,15:45,melt with rain and snow,650,2559,3/25/2008 6:45,3/25/2008 22:30,"81,196,225","1,462","3,243","4,704",11,42,3/25/2008 6:51,3/27/2008 6:05,"996,753",18,169,187,3/25/2008 7:00,3/27/2008 6:10,26674472.7,480.14,480.14,960.28,3/25/2008 12:20,3/27/2008 8:34,338513783,6093,6093,12186,4704
S69,6/29/2008,6/29/2008,6:20,Rain,,,,,,,,,0,0,6/29/2008 1:43,6/29/2008 8:03,"368,119",7,7,13,,,,,,,,,,,,,
S70,10/5/2008,10/5/2008,2:58,Rain,,,,,,,,,0,0,10/5/2008 15:03,10/5/2008 18:01,"164,238",3,3,6,,,,,,,,,,,,,
S71,11/30/2008,12/1/2008,20:45,Snowfall,9396,36992,11/30/2008 15:25,12/1/2008 12:10,"8,817,867",159,"6,702","6,860",1089,4287,11/30/2008 15:32,12/1/2008 12:19,"644,208",12,773,785,11/30/2008 15:40,12/1/2008 11:00,2024088.44,36.43,688.19,724.62,11/30/2008 21:45,12/1/2008 16:40,38567550,694,6942,7636,6860
S72,12/8/2008,12/9/2008,26:40:00,"snow, some lt FR and rain",11216,44155,12/8/2008 15:45,12/9/2008 18:25,6132587.001,122.65174,4788.572796,4911.224536,3901,15357,12/8/2008 15:45,12/9/2008 22:14,"157,442",3,394,397,12/8/2008 15:50,12/9/2008 21:55,1117949.24,22.36,22.36,44.72,12/9/2008 4:50,12/10/2008 6:05,28475424,570,4841,5410,4911
S73,1/9/2009,1/9/2009,10:15,Snowfall,8124,31985,1/9/2009 6:10,1/9/2009 16:25,"1,154,195",23,208,231,1254,4938,1/9/2009 5:59,1/9/2009 16:58,"11,327",0,17,17,1/9/2009 6:50,1/9/2009 16:35,308653.67,6.17,6.17,12.35,1/9/2009 17:11,1/10/2009 5:26,6721288,134,605,739,231
S74,2/27/2009,2/27/2009,8:25,"FR, then snow",4609,18145,2/27/2009 6:20,2/27/2009 14:45,"7,050,329",141,"5,711","5,852",328,1292,2/27/2009 6:29,2/27/2009 12:50,"87,782",2,42,44,2/27/2009 6:35,2/27/2009 12:20,1335422.65,26.71,65.44,92.14,2/27/2009 9:50,2/27/2009 19:20,27855285,557,3343,3900,5852
S75,3/28/2009,3/29/2009,22:25,"snow, fFR",8186,32227,3/28/2009 19:00,3/29/2009 17:25,"8,623,330",172,"25,870","26,042",na,na,3/28/2009 19:06,3/29/2009 15:52,"144,416",3,375,378,3/28/2009 19:15,3/29/2009 17:35,1829834.85,36.6,36.6,73.19,3/29/2009 1:15,3/29/2009 20:00,49613953,992,20838,21830,26042
S76,4/21/2009,4/21/2009,5:35,"rain, some snow",na,na,4/21/2009 7:20,4/21/2009 12:55,"5,104,395",102,204,306,na,na,4/21/2009 7:22,4/21/2009 12:37,"95,145",2,2,4,4/21/2009 7:25,4/21/2009 14:15,1399985.06,28,28,56,4/21/2009 10:45,4/21/2009 17:35,27309336,546,546,1092,306
S77,7/15/2009,7/15/2009,7:50,Rain,0,0,7/15/2009 4:40,7/15/2009 12:30,"8,961,717",179,179,358,0,0,7/15/2009 4:19,7/15/2009 6:41,"338,103",7,7,14,7/15/2009 5:20,7/15/2009 12:05,1765838.77,35.32,35.32,70.63,7/15/2009 4:35,7/15/2009 9:05,50899255,1018,1018,2036,358
S78,12/8/2009,12/9/2009,20:23,"snow, rain",na,na,12/8/2009 9:00,12/9/2009 5:23,"21,917,242",438,"21,260","21,698",2123,8358,12/8/2009 9:37,12/9/2009 1:43,"240,693",5,650,655,12/8/2009 9:06,12/9/2009 12:51,13846939.65,276.94,276.94,553.88,12/8/2009 18:30,12/10/2009 4:30,250519172,5010,5511,10522,21698
S79,1/23/2010,1/25/2010,35:25:00,melt with some rain,55,218,1/23/2010 14:40,1/25/2010 2:05,"61,136,079","1,223","7,948","9,170",55,218,1/23/2010 14:29,1/25/2010 7:03,"2,520,200",50,"3,528","3,579",1/23/2010 14:50,1/25/2010 3:40,15121197.9,302.42,302.42,604.85,1/23/2010 21:56,1/25/2010 9:30,270199383,5404,8376,13780,9170
S80,2/9/2010,2/10/2010,31:00:00,Snowfall,12922,50873,2/9/2010 4:05,2/10/2010 11:05,"2,548,517",51,"1,453","1,504",na,na,2/9/2010 2:46,2/10/2010 9:23,"39,644",1,56,56,2/9/2010 3:50,2/10/2010 5:50,1415842.5,28.32,28.32,56.63,2/9/2010 16:01,2/10/2010 12:41,7560599,151,348,499,1504
S81,3/9/2010,3/11/2010,36:10:00,melt with rain,53,208,3/9/2010 16:20,3/11/2010 4:30,"27,835,464",557,"2,784","3,340",4,17,3/9/2010 15:32,3/11/2010 6:18,"651,288",13,267,280,3/9/2010 15:45,3/11/2010 6:15,10533868.2,210.68,210.68,421.35,3/9/2010 19:55,3/11/2010 11:21,207675778,4154,4154,8307,3340
S82,4/8/2010,4/8/2010,7:25,"rain, turning to snow",na,na,4/8/2010 5:20,4/8/2010 12:45,"6,286,341",126,365,490,na,na,4/8/2010 5:24,4/8/2010 12:49,"31,149",1,5,6,4/8/2010 5:20,4/8/2010 11:25,1529109.9,30.58,30.58,61.16,4/8/2010 8:35,4/8/2010 17:06,27807147,556,556,1112,490
S83,9/1/2010,9/1/2010,1:05,,0,0,9/1/2010 3:30,9/1/2010 4:35,"6,711,093",134,134,268,0,0,9/1/2010 3:15,9/1/2010 4:20,"424,753",8,8,17,9/1/2010 3:40,9/1/2010 6:15,2265348,45.31,45.31,90.61,9/1/2010 3:15,9/1/2010 6:40,68158658,1363,1363,2726,268
S84,10/26/2010,10/26/2010,5:30,,0,0,10/26/2010 7:00,10/26/2010 12:30,"26,617,839",532,532,"1,065",0,0,10/26/2010 5:54,10/26/2010 7:01,"79,287",2,2,3,10/26/2010 7:20,10/26/2010 10:20,4474062.3,89.48,89.48,178.96,10/26/2010 6:55,10/26/2010 16:25,109133140,2183,2183,4365,1065
S85,12/20/2010,12/21/2010,19:05,,,,12/20/2010 17:50,12/21/2010 12:55,"991,090",20,119,139,,,,,,,,,12/20/2010 17:25,12/21/2010 13:35,240693.23,4.81,4.81,9.63,12/21/2010 4:15,12/21/2010 15:00,5663370,113,113,227,139
S86,1/31/2011,2/2/2011,51:45:00,,,,1/31/2011 9:35,2/2/2011 13:20,"2,010,496",40,"5,629","5,670",,,,,,,,,1/31/2011 11:10,2/2/2011 10:50,144415.94,2.89,2.89,5.78,2/1/2011 9:00,2/2/2011 21:10,7249114,145,145,290,5670
S87,2/20/2011,2/22/2011,47:25:00,,,,2/20/2011 9:45,2/22/2011 9:10,"12,600,998",252,"37,803","38,055",,,,,,,,,2/20/2011 9:40,2/22/2011 7:40,3992675.85,79.85,191.65,271.5,2/20/2011 14:20,2/22/2011 13:25,76512129,1530,11477,13007,38055
S88,4/19/2011,4/20/2011,14:05,,,,4/19/2011 18:45,4/20/2011 8:50,"50,630,528","1,013","2,126","3,139",,,4/19/2011 18:50,4/19/2011 21:09,"269,010",5,5,11,4/19/2011 18:55,4/20/2011 4:15,18292685.1,365.85,365.85,731.71,4/19/2011 19:05,4/20/2011 8:55,202295576,4046,4046,8092,3139
S89,8/30/2011,8/31/2011,10:35,,,,8/30/2011 23:40,8/31/2011 10:15,"679,604",14,14,27,,,8/30/2011 23:12,8/30/2011 23:21,566,0,0,0,8/31/2011 1:10,8/31/2011 7:10,99108.98,1.98,1.98,3.96,8/30/2011 23:10,8/31/2011 12:30,5946539,119,119,238,27
S90,12/20/2011,12/21/2011,13:55,,,,12/20/2011 17:40,12/21/2011 7:35,"971,268",19,104,123,,,12/30/2011 8:15,12/30/2011 10:30,"42,815",1,9,10,12/20/2011 17:05,12/21/2011 6:35,302990.3,6.06,6.06,12.12,12/20/2011 17:40,12/21/2011 13:30,7135846,143,143,285,123
S91,1/12/2012,1/13/2012,22:20,,,,1/12/2012 11:25,1/13/2012 9:45,"1,732,991",35,399,433,,,,,,,,,1/12/2012 11:45,1/13/2012 11:55,617307.33,12.35,12.35,24.69,1/12/2012 19:30,1/13/2012 13:45,6031489,121,121,241,433
S92,1/17/2012,1/17/2012,9:40,,,,1/17/2012 6:30,1/17/2012 16:10,"1,540,437",31,863,893,,,,,,,,,1/17/2012 7:10,1/17/2012 16:15,461564.66,9.23,9.23,18.46,1/17/2012 14:20,1/18/2012 14:00,11326740,227,1246,1472,893
S93,1/22/2012,1/24/2012,41:30:00,,,,1/22/2012 16:25,1/24/2012 9:55,"31,460,020",629,"12,584","13,213",,,1/23/2012 3:10,1/23/2012 12:53,"247,093",5,153,158,,,,,,,1/23/2012 1:25,1/24/2012 13:05,144812371,2896,2896,5792,13213
S94,3/2/2012,3/4/2012,39:30:00,,,,3/2/2012 15:10,3/4/2012 6:40,"19,793,478",396,"1,445","1,841",,,3/2/2012 14:59,3/3/2012 10:34,"59,692",1,16,17,3/2/2012 15:30,3/3/2012 20:05,3199804.05,64,64,127.99,3/2/2012 18:50,3/4/2012 12:55,94663230,1893,1893,3787,1841
S95,7/18/2012,7/19/2012,6:15,,,,7/18/2012 20:50,7/19/2012 3:05,"12,062,978",241,241,483,,,7/18/2012 20:45,7/19/2012 1:27,"200,370",4,4,8,7/18/2012 21:05,7/19/2012 10:40,4728913.95,94.58,94.58,189.16,7/18/2012 22:10,7/19/2012 12:00,87612334,1752,1752,3504,483
S96,12/20/2012,12/21/2012,18:20,,,,12/20/2012 16:50,12/21/2012 11:10,,,,,,,12/20/2012 16:52,12/21/2012 3:39,,,,,12/20/2012 17:35,12/21/2012 6:50,,,,,12/20/2012 18:30,12/21/2012 12:30
S97,1/12/2013,1/13/2013,12:05,,,,1/12/2013 22:45,1/13/2013 10:50,,,,,,,,,,,,,1/12/2013 23:05,1/13/2013 10:20,,,,,1/13/2013 13:15,1/13/2013 17:30
S98,1/27/2013,1/28/2013,17:10,,,,1/27/2013 12:30,1/28/2013 5:40,,,,,,,1/28/2013 3:57,1/28/2013 10:03,,,,,1/27/2013 12:40,1/28/2013 3:30,,,,,1/28/2013 3:30,1/28/2013 12:05
S99,1/30/2013,1/30/2013,9:55,,,,1/30/2013 11:20,1/30/2013 21:15,,,,,,,1/30/2013 13:17,1/30/2013 13:33,,,,,2/7/2013 7:50,2/8/2013 8:05,,,,,2/7/2013 18:40,2/8/2013 16:50
S100,2/7/2013,2/8/2013,25:10:00,,,,2/7/2013 7:35,2/8/2013 8:45,,,,,,,2/7/2013 12:03,2/7/2013 12:16,,,,,3/9/2013 9:45,3/11/2013 4:15,,,,,3/9/2013 18:40,3/11/2013 13:30
S101,3/9/2013,3/11/2013,44:35:00,,,,3/9/2013 9:40,3/11/2013 6:15,,,,,,,3/10/2013 3:52,3/10/2013 21:07,,,,,4/14/2013 7:00,4/14/2013 12:35,,,,,4/14/2013 14:55,4/14/2013 17:25
S102,4/14/2013,4/14/2013,5:25,,,,4/14/2013 6:45,4/14/2013 12:10,,,,,,,4/14/2013 7:37,4/14/2013 8:35,,,,,,,,,,,,
